 INFO Checking project configured at `/home/soultransit/devtony/ranex/pyrefly.toml`
ERROR Object of type `DHPublicKey | DSAPublicKey | Ed25519PublicKey | Ed448PublicKey | EllipticCurvePublicKey | MLDSA44PublicKey | MLDSA65PublicKey | MLDSA87PublicKey | MLKEM1024PublicKey | MLKEM768PublicKey | RSAPublicKey | X25519PublicKey | X448PublicKey` has no attribute `verify` [missing-attribute]
  --> tests/_github_fake.py:55:5
   |
55 |     public.verify(
   |     ^^^^^^^^^^^^^
   |
  Object of class `DHPublicKey` has no attribute `verify`
  Object of class `MLKEM1024PublicKey` has no attribute `verify`
  Object of class `MLKEM768PublicKey` has no attribute `verify`
  Object of class `X25519PublicKey` has no attribute `verify`
  Object of class `X448PublicKey` has no attribute `verify`
ERROR Cannot index into `object` [bad-index]
  --> tests/contract/test_delegated_provider_protocol.py:96:12
   |
96 |     assert protocol["bootstrap"]["required"] == schemas["bootstrap"]["required"]
   |            ^^^^^^^^^^^^^^^^^^^^^
   |
  Object of class `object` has no attribute `__getitem__`
ERROR Cannot index into `object` [bad-index]
  --> tests/contract/test_delegated_provider_protocol.py:96:49
   |
96 |     assert protocol["bootstrap"]["required"] == schemas["bootstrap"]["required"]
   |                                                 ^^^^^^^^^^^^^^^^^^^^
   |
  Object of class `object` has no attribute `__getitem__`
ERROR Argument `object` is not assignable to parameter `iterable` with type `Iterable[@_]` in function `set.__init__` [bad-argument-type]
  --> tests/contract/test_delegated_provider_protocol.py:97:16
   |
97 |     assert set(protocol) == EXPECTED_PROTOCOL_KEYS
   |                ^^^^^^^^
   |
  Protocol `Iterable` requires attribute `__iter__`
ERROR Cannot index into `object` [bad-index]
  --> tests/contract/test_delegated_provider_protocol.py:98:12
   |
98 |     assert protocol["name"] == "ranex-delegated-provider"
   |            ^^^^^^^^^^^^^^^^
   |
  Object of class `object` has no attribute `__getitem__`
ERROR Cannot index into `object` [bad-index]
  --> tests/contract/test_delegated_provider_protocol.py:99:12
   |
99 |     assert protocol["version"] == 1
   |            ^^^^^^^^^^^^^^^^^^^
   |
  Object of class `object` has no attribute `__getitem__`
ERROR Cannot index into `object` [bad-index]
   --> tests/contract/test_delegated_provider_protocol.py:100:13
    |
100 |     assert (protocol["ttlSeconds"], protocol["maxRequests"], protocol["maxConcurrency"]) == (300, 8, 1)
    |             ^^^^^^^^^^^^^^^^^^^^^^
    |
  Object of class `object` has no attribute `__getitem__`
ERROR Cannot index into `object` [bad-index]
   --> tests/contract/test_delegated_provider_protocol.py:100:37
    |
100 |     assert (protocol["ttlSeconds"], protocol["maxRequests"], protocol["maxConcurrency"]) == (300, 8, 1)
    |                                     ^^^^^^^^^^^^^^^^^^^^^^^
    |
  Object of class `object` has no attribute `__getitem__`
ERROR Cannot index into `object` [bad-index]
   --> tests/contract/test_delegated_provider_protocol.py:100:62
    |
100 |     assert (protocol["ttlSeconds"], protocol["maxRequests"], protocol["maxConcurrency"]) == (300, 8, 1)
    |                                                              ^^^^^^^^^^^^^^^^^^^^^^^^^^
    |
  Object of class `object` has no attribute `__getitem__`
ERROR Cannot index into `object` [bad-index]
   --> tests/contract/test_delegated_provider_protocol.py:101:13
    |
101 |     assert (protocol["maxRequestBytes"], protocol["maxResponseBytes"]) == (4 * 1024 * 1024, 16 * 1024 * 1024)
    |             ^^^^^^^^^^^^^^^^^^^^^^^^^^^
    |
  Object of class `object` has no attribute `__getitem__`
ERROR Cannot index into `object` [bad-index]
   --> tests/contract/test_delegated_provider_protocol.py:101:42
    |
101 |     assert (protocol["maxRequestBytes"], protocol["maxResponseBytes"]) == (4 * 1024 * 1024, 16 * 1024 * 1024)
    |                                          ^^^^^^^^^^^^^^^^^^^^^^^^^^^^
    |
  Object of class `object` has no attribute `__getitem__`
ERROR Cannot index into `object` [bad-index]
   --> tests/contract/test_delegated_provider_protocol.py:102:12
    |
102 |     assert protocol["maxBootstrapBytes"] == 65536
    |            ^^^^^^^^^^^^^^^^^^^^^^^^^^^^^
    |
  Object of class `object` has no attribute `__getitem__`
ERROR Cannot index into `object` [bad-index]
   --> tests/contract/test_delegated_provider_protocol.py:103:12
    |
103 |     assert protocol["timeoutSeconds"] == 120
    |            ^^^^^^^^^^^^^^^^^^^^^^^^^^
    |
  Object of class `object` has no attribute `__getitem__`
ERROR Cannot index into `object` [bad-index]
   --> tests/contract/test_delegated_provider_protocol.py:104:12
    |
104 |     assert protocol["upstream"] == "https://openrouter.ai/api/v1/chat/completions"
    |            ^^^^^^^^^^^^^^^^^^^^
    |
  Object of class `object` has no attribute `__getitem__`
ERROR Cannot index into `object` [bad-index]
   --> tests/contract/test_delegated_provider_protocol.py:105:12
    |
105 |     assert protocol["redirects"] == "refuse"
    |            ^^^^^^^^^^^^^^^^^^^^^
    |
  Object of class `object` has no attribute `__getitem__`
ERROR Cannot index into `object` [bad-index]
   --> tests/contract/test_delegated_provider_protocol.py:106:12
    |
106 |     assert protocol["retry"] == "none"
    |            ^^^^^^^^^^^^^^^^^
    |
  Object of class `object` has no attribute `__getitem__`
ERROR Cannot index into `object` [bad-index]
   --> tests/contract/test_delegated_provider_protocol.py:107:12
    |
107 |     assert protocol["persistence"] == "no prompts or outputs; exactly two secret-free hash-chained reservation ledger rows per rese...
    |            ^^^^^^^^^^^^^^^^^^^^^^^
    |
  Object of class `object` has no attribute `__getitem__`
ERROR Cannot index into `object` [bad-index]
   --> tests/contract/test_delegated_provider_protocol.py:108:12
    |
108 |     assert protocol["chatReplayKey"] == ["session", "requestId"]
    |            ^^^^^^^^^^^^^^^^^^^^^^^^^
    |
  Object of class `object` has no attribute `__getitem__`
ERROR Cannot index into `object` [bad-index]
   --> tests/contract/test_delegated_provider_protocol.py:109:12
    |
109 |     assert protocol["handshakeReplayKey"] == ["capability"]
    |            ^^^^^^^^^^^^^^^^^^^^^^^^^^^^^^
    |
  Object of class `object` has no attribute `__getitem__`
ERROR Cannot index into `object` [bad-index]
   --> tests/contract/test_delegated_provider_protocol.py:110:12
    |
110 |     assert protocol["requestId"] == {"encoding": "base64url", "randomBytes": 16, "length": 22, "finalCharacters": "AQgw"}
    |            ^^^^^^^^^^^^^^^^^^^^^
    |
  Object of class `object` has no attribute `__getitem__`
ERROR Cannot index into `object` [bad-index]
   --> tests/contract/test_delegated_provider_protocol.py:111:12
    |
111 |     assert protocol["maxRequestsScope"] == "chat only; provider attempts"
    |            ^^^^^^^^^^^^^^^^^^^^^^^^^^^^
    |
  Object of class `object` has no attribute `__getitem__`
ERROR Cannot index into `object` [bad-index]
   --> tests/contract/test_delegated_provider_protocol.py:112:12
    |
112 |     assert protocol["distinctRequestIds"] == "at most 8 accepted reservations per session; every accepted requestId is unique withi...
    |            ^^^^^^^^^^^^^^^^^^^^^^^^^^^^^^
    |
  Object of class `object` has no attribute `__getitem__`
ERROR Cannot index into `object` [bad-index]
   --> tests/contract/test_delegated_provider_protocol.py:113:12
    |
113 |     assert protocol["policy"]["chatProvider"] == (
    |            ^^^^^^^^^^^^^^^^^^
    |
  Object of class `object` has no attribute `__getitem__`
ERROR Cannot index into `object` [bad-index]
   --> tests/contract/test_delegated_provider_protocol.py:116:12
    |
116 |     assert protocol["transport"]["upstreamRequest"] == {
    |            ^^^^^^^^^^^^^^^^^^^^^
    |
  Object of class `object` has no attribute `__getitem__`
ERROR Cannot index into `object` [bad-index]
   --> tests/contract/test_delegated_provider_protocol.py:124:12
    |
124 |     assert protocol["logging"]["audit"] == {
    |            ^^^^^^^^^^^^^^^^^^^
    |
  Object of class `object` has no attribute `__getitem__`
ERROR Cannot index into `object` [bad-index]
   --> tests/contract/test_delegated_provider_protocol.py:130:12
    |
130 |     assert protocol["logging"]["reservationLedger"]["rows"] == 2
    |            ^^^^^^^^^^^^^^^^^^^
    |
  Object of class `object` has no attribute `__getitem__`
ERROR Cannot index into `object` [bad-index]
   --> tests/contract/test_delegated_provider_protocol.py:131:12
    |
131 |     assert protocol["logging"]["reservationLedger"]["sequence"] == [
    |            ^^^^^^^^^^^^^^^^^^^
    |
  Object of class `object` has no attribute `__getitem__`
ERROR Cannot index into `object` [bad-index]
   --> tests/contract/test_delegated_provider_protocol.py:134:12
    |
134 |     assert protocol["logging"]["reservationLedger"]["identity"] == (
    |            ^^^^^^^^^^^^^^^^^^^
    |
  Object of class `object` has no attribute `__getitem__`
ERROR Cannot index into `object` [bad-index]
   --> tests/contract/test_delegated_provider_protocol.py:139:12
    |
139 |     assert protocol["logging"]["reservationLedger"]["stageEventLinkage"] == (
    |            ^^^^^^^^^^^^^^^^^^^
    |
  Object of class `object` has no attribute `__getitem__`
ERROR Cannot index into `object` [bad-index]
   --> tests/contract/test_delegated_provider_protocol.py:143:12
    |
143 |     assert protocol["logging"]["reservationLedger"]["crashRecovery"] == (
    |            ^^^^^^^^^^^^^^^^^^^
    |
  Object of class `object` has no attribute `__getitem__`
ERROR Cannot index into `object` [bad-index]
   --> tests/contract/test_delegated_provider_protocol.py:148:56
    |
148 |     assert "does not detect rollback or truncation" in protocol["logging"]["reservationLedger"]["residual"]
    |                                                        ^^^^^^^^^^^^^^^^^^^
    |
  Object of class `object` has no attribute `__getitem__`
ERROR Cannot index into `object` [bad-index]
   --> tests/contract/test_delegated_provider_protocol.py:149:12
    |
149 |     assert protocol["security"]["scope"].startswith("accidental secret non-propagation")
    |            ^^^^^^^^^^^^^^^^^^^^
    |
  Object of class `object` has no attribute `__getitem__`
ERROR Cannot index into `object` [bad-index]
   --> tests/contract/test_delegated_provider_protocol.py:150:71
    |
150 |     assert "not isolation against an adversarial same-UID harness" in protocol["security"]["scope"]
    |                                                                       ^^^^^^^^^^^^^^^^^^^^
    |
  Object of class `object` has no attribute `__getitem__`
ERROR Cannot index into `object` [bad-index]
   --> tests/contract/test_delegated_provider_protocol.py:151:12
    |
151 |     assert protocol["httpAdmission"] == {
    |            ^^^^^^^^^^^^^^^^^^^^^^^^^
    |
  Object of class `object` has no attribute `__getitem__`
ERROR Cannot index into `object` [bad-index]
   --> tests/contract/test_delegated_provider_protocol.py:178:17
    |
178 |     transport = protocol["transport"]
    |                 ^^^^^^^^^^^^^^^^^^^^^
    |
  Object of class `object` has no attribute `__getitem__`
ERROR Cannot index into `object` [bad-index]
   --> tests/contract/test_delegated_provider_protocol.py:188:14
    |
188 |     status = protocol["preStreamHttpStatus"]
    |              ^^^^^^^^^^^^^^^^^^^^^^^^^^^^^^^
    |
  Object of class `object` has no attribute `__getitem__`
ERROR Cannot index into `object` [bad-index]
   --> tests/contract/test_delegated_provider_protocol.py:201:12
    |
201 |     assert protocol["preDownstreamHttpStatus"] == {
    |            ^^^^^^^^^^^^^^^^^^^^^^^^^^^^^^^^^^^
    |
  Object of class `object` has no attribute `__getitem__`
ERROR Cannot index into `object` [bad-index]
   --> tests/contract/test_delegated_provider_protocol.py:211:56
    |
211 |     assert "exactly one non-overlapping named code" in protocol["preDownstreamNormalization"]
    |                                                        ^^^^^^^^^^^^^^^^^^^^^^^^^^^^^^^^^^^^^^
    |
  Object of class `object` has no attribute `__getitem__`
ERROR Cannot index into `object` [bad-index]
   --> tests/contract/test_delegated_provider_protocol.py:212:12
    |
212 |     assert protocol["terminalPrecedence"] == (
    |            ^^^^^^^^^^^^^^^^^^^^^^^^^^^^^^
    |
  Object of class `object` has no attribute `__getitem__`
ERROR Cannot index into `object` [bad-index]
   --> tests/contract/test_delegated_provider_protocol.py:217:16
    |
217 |     assert set(artifact["schemas"]["error"]["properties"]["error"]["enum"]) == ERRORS
    |                ^^^^^^^^^^^^^^^^^^^^^^^^^^^^
    |
  Object of class `object` has no attribute `__getitem__`
ERROR Argument `object` is not assignable to parameter `iterable` with type `Iterable[@_]` in function `set.__init__` [bad-argument-type]
   --> tests/contract/test_delegated_provider_protocol.py:219:92
    |
219 |     assert {"handshakeRequest", "handshakeResponse", "chatRequest", "chatResponse"} <= set(schemas)
    |                                                                                            ^^^^^^^
    |
  Protocol `Iterable` requires attribute `__iter__`
ERROR Cannot index into `object` [bad-index]
   --> tests/contract/test_delegated_provider_protocol.py:221:41
    |
221 |         assert "protocolFingerprint" in schemas[schema_name]["required"]
    |                                         ^^^^^^^^^^^^^^^^^^^^
    |
  Object of class `object` has no attribute `__getitem__`
ERROR Cannot index into `object` [bad-index]
   --> tests/contract/test_delegated_provider_protocol.py:222:16
    |
222 |         assert schemas[schema_name]["properties"]["protocolFingerprint"]["pattern"] == r"^[0-9a-f]{64}$"
    |                ^^^^^^^^^^^^^^^^^^^^
    |
  Object of class `object` has no attribute `__getitem__`
ERROR Cannot index into `object` [bad-index]
   --> tests/contract/test_delegated_provider_protocol.py:223:18
    |
223 |         schema = schemas[schema_name]
    |                  ^^^^^^^^^^^^^^^^^^^^
    |
  Object of class `object` has no attribute `__getitem__`
ERROR Cannot index into `object` [bad-index]
   --> tests/contract/test_delegated_provider_protocol.py:231:12
    |
231 |     assert schemas["chatResponse"] == {
    |            ^^^^^^^^^^^^^^^^^^^^^^^
    |
  Object of class `object` has no attribute `__getitem__`
ERROR Cannot index into `object` [bad-index]
   --> tests/contract/test_delegated_provider_protocol.py:236:12
    |
236 |     assert schemas["bootstrap"]["properties"]["capability"]["pattern"] == capability_pattern
    |            ^^^^^^^^^^^^^^^^^^^^
    |
  Object of class `object` has no attribute `__getitem__`
ERROR Cannot index into `object` [bad-index]
   --> tests/contract/test_delegated_provider_protocol.py:238:12
    |
238 |     assert schemas["chatRequest"]["properties"]["requestId"]["pattern"] == expected_request_id_pattern
    |            ^^^^^^^^^^^^^^^^^^^^^^
    |
  Object of class `object` has no attribute `__getitem__`
ERROR Cannot index into `object` [bad-index]
   --> tests/contract/test_delegated_provider_protocol.py:239:30
    |
239 |     assert "provider" not in schemas["chatRequest"]["required"]
    |                              ^^^^^^^^^^^^^^^^^^^^^^
    |
  Object of class `object` has no attribute `__getitem__`
ERROR Cannot index into `object` [bad-index]
   --> tests/contract/test_delegated_provider_protocol.py:240:35
    |
240 |     request_id_regex = re.compile(schemas["chatRequest"]["properties"]["requestId"]["pattern"])
    |                                   ^^^^^^^^^^^^^^^^^^^^^^
    |
  Object of class `object` has no attribute `__getitem__`
ERROR Cannot index into `object` [bad-index]
   --> tests/contract/test_delegated_provider_protocol.py:241:12
    |
241 |     assert schemas["handshakeResponse"]["properties"]["session"]["minLength"] == 16
    |            ^^^^^^^^^^^^^^^^^^^^^^^^^^^^
    |
  Object of class `object` has no attribute `__getitem__`
ERROR Cannot index into `object` [bad-index]
   --> tests/contract/test_delegated_provider_protocol.py:243:17
    |
243 |         tools = schemas[schema_name]["properties"]["tools"]
    |                 ^^^^^^^^^^^^^^^^^^^^
    |
  Object of class `object` has no attribute `__getitem__`
ERROR Cannot index into `object` [bad-index]
   --> tests/contract/test_delegated_provider_protocol.py:247:12
    |
247 |     assert protocol["validation"]["reservationState"] == {
    |            ^^^^^^^^^^^^^^^^^^^^^^
    |
  Object of class `object` has no attribute `__getitem__`
ERROR Cannot index into `object` [bad-index]
   --> tests/contract/test_delegated_provider_protocol.py:256:15
    |
256 |     attempt = protocol["logging"]["providerAttempt"]
    |               ^^^^^^^^^^^^^^^^^^^
    |
  Object of class `object` has no attribute `__getitem__`
ERROR Cannot index into `object` [bad-index]
   --> tests/contract/test_delegated_provider_protocol.py:272:21
    |
272 |     assert "#43" in protocol["logging"]["schemaEvolution"]
    |                     ^^^^^^^^^^^^^^^^^^^
    |
  Object of class `object` has no attribute `__getitem__`
ERROR Argument `object` is not assignable to parameter `obj` with type `Sized` in function `len` [bad-argument-type]
   --> tests/contract/test_delegated_provider_protocol.py:275:16
    |
275 |     assert len(vectors) == len(EXPECTED_VECTOR_IDS)
    |                ^^^^^^^
    |
  Protocol `Sized` requires attribute `__len__`
ERROR Type `object` is not iterable [not-iterable]
   --> tests/contract/test_delegated_provider_protocol.py:276:40
    |
276 |     assert {vector["id"] for vector in vectors} == EXPECTED_VECTOR_IDS
    |                                        ^^^^^^^
    |
ERROR Cannot index into `object` [bad-index]
   --> tests/contract/test_delegated_provider_protocol.py:277:12
    |
277 |     assert vectors[0]["id"] == "bootstrap-complete-example-non-normative-port"
    |            ^^^^^^^^^^
    |
  Object of class `object` has no attribute `__getitem__`
ERROR Cannot index into `object` [bad-index]
   --> tests/contract/test_delegated_provider_protocol.py:278:17
    |
278 |     bootstrap = vectors[0]["bootstrap"]
    |                 ^^^^^^^^^^
    |
  Object of class `object` has no attribute `__getitem__`
ERROR Cannot index into `object` [bad-index]
   --> tests/contract/test_delegated_provider_protocol.py:279:34
    |
279 |     assert set(bootstrap) == set(artifact["schemas"]["bootstrap"]["required"])
    |                                  ^^^^^^^^^^^^^^^^^^^^^^^^^^^^^^^^
    |
  Object of class `object` has no attribute `__getitem__`
ERROR Cannot index into `object` [bad-index]
   --> tests/contract/test_delegated_provider_protocol.py:282:31
    |
282 |     assert "non-normative" in vectors[0]["id"]
    |                               ^^^^^^^^^^
    |
  Object of class `object` has no attribute `__getitem__`
ERROR Cannot index into `object` [bad-index]
   --> tests/contract/test_delegated_provider_protocol.py:283:12
    |
283 |     assert vectors[0]["portSemantics"].startswith("non-normative allocated-port example")
    |            ^^^^^^^^^^
    |
  Object of class `object` has no attribute `__getitem__`
ERROR Type `object` is not iterable [not-iterable]
   --> tests/contract/test_delegated_provider_protocol.py:284:57
    |
284 |     vectors_by_id = {vector["id"]: vector for vector in vectors}
    |                                                         ^^^^^^^
    |
ERROR Type `object` is not iterable [not-iterable]
   --> tests/contract/test_delegated_provider_protocol.py:293:23
    |
293 |         for vector in vectors
    |                       ^^^^^^^
    |
ERROR Cannot index into `object` [bad-index]
   --> tests/contract/test_delegated_provider_protocol.py:299:12
    |
299 |     assert vectors[0]["bootstrap"]["protocolFingerprint"] == fingerprint
    |            ^^^^^^^^^^
    |
  Object of class `object` has no attribute `__getitem__`
ERROR Cannot index into `object` [bad-index]
   --> tests/contract/test_delegated_provider_protocol.py:302:26
    |
302 |     fingerprint_schema = schemas["handshakeRequest"]["properties"]["protocolFingerprint"]
    |                          ^^^^^^^^^^^^^^^^^^^^^^^^^^^
    |
  Object of class `object` has no attribute `__getitem__`
ERROR Cannot index into `object` [bad-index]
   --> tests/contract/test_delegated_provider_protocol.py:319:31
    |
319 |     chat_fingerprint_schema = schemas["chatRequest"]["properties"]["protocolFingerprint"]
    |                               ^^^^^^^^^^^^^^^^^^^^^^
    |
  Object of class `object` has no attribute `__getitem__`
ERROR Cannot index into `object` [bad-index]
   --> tests/contract/test_delegated_provider_protocol.py:327:12
    |
327 |     assert protocol["validation"]["reservationState"]["preReservation"] == {
    |            ^^^^^^^^^^^^^^^^^^^^^^
    |
  Object of class `object` has no attribute `__getitem__`
ERROR Type `object` is not iterable [not-iterable]
   --> tests/contract/test_delegated_provider_protocol.py:332:52
    |
332 |     invalid_request_id = next(vector for vector in vectors if vector["id"] == "invalid-request-id-terminal-character")
    |                                                    ^^^^^^^
    |
ERROR Cannot index into `object` [bad-index]
   --> tests/contract/test_delegated_provider_protocol.py:360:29
    |
360 |     assert len(accepted) == protocol["maxRequests"] == 8
    |                             ^^^^^^^^^^^^^^^^^^^^^^^
    |
  Object of class `object` has no attribute `__getitem__`
ERROR Cannot index into `object` [bad-index]
   --> tests/contract/test_delegated_provider_protocol.py:366:12
    |
366 |     assert protocol["validation"]["reservationState"]["preReservation"]["consumes"] == 0
    |            ^^^^^^^^^^^^^^^^^^^^^^
    |
  Object of class `object` has no attribute `__getitem__`
ERROR Cannot index into `object` [bad-index]
   --> tests/contract/test_delegated_provider_protocol.py:367:12
    |
367 |     assert protocol["validation"]["reservationState"]["preReservation"]["emits"] == 0
    |            ^^^^^^^^^^^^^^^^^^^^^^
    |
  Object of class `object` has no attribute `__getitem__`
ERROR Argument `list[dict[str, int | list[dict[str, LiteralString | str]] | dict[str, LiteralString] | dict[str, str]]]` is not assignable to parameter `claims` with type `list[object]` in function `_write_exit_record` [bad-argument-type]
   --> tests/contract/test_docs_discipline.py:919:58
    |
919 |     _write_exit_record(prototype, status="AMBER", claims=_GREEN_PROTOTYPE_CLAIMS)
    |                                                          ^^^^^^^^^^^^^^^^^^^^^^^
    |
ERROR Argument `list[dict[str, int | list[dict[str, LiteralString | str]] | dict[str, LiteralString] | dict[str, str]]]` is not assignable to parameter `claims` with type `list[object]` in function `_write_exit_record` [bad-argument-type]
   --> tests/contract/test_docs_discipline.py:947:58
    |
947 |     _write_exit_record(prototype, status="GREEN", claims=_GREEN_PROTOTYPE_CLAIMS)
    |                                                          ^^^^^^^^^^^^^^^^^^^^^^^
    |
ERROR Argument `list[dict[str, int | list[dict[str, LiteralString | str]] | dict[str, LiteralString] | dict[str, str]]]` is not assignable to parameter `claims` with type `list[object]` in function `_write_exit_record` [bad-argument-type]
   --> tests/contract/test_docs_discipline.py:990:58
    |
990 |     _write_exit_record(prototype, status="GREEN", claims=_GREEN_PROTOTYPE_CLAIMS)
    |                                                          ^^^^^^^^^^^^^^^^^^^^^^^
    |
ERROR Argument `list[dict[str, int | list[dict[str, LiteralString | str]] | dict[str, LiteralString] | dict[str, str]]]` is not assignable to parameter `claims` with type `list[object]` in function `_write_exit_record` [bad-argument-type]
    --> tests/contract/test_docs_discipline.py:1007:58
     |
1007 |     _write_exit_record(prototype, status="GREEN", claims=_GREEN_PROTOTYPE_CLAIMS)
     |                                                          ^^^^^^^^^^^^^^^^^^^^^^^
     |
ERROR Argument `list[dict[str, int | list[dict[str, LiteralString | str]] | dict[str, LiteralString] | dict[str, str]]]` is not assignable to parameter `claims` with type `list[object]` in function `_write_exit_record` [bad-argument-type]
    --> tests/contract/test_docs_discipline.py:1037:62
     |
1037 |         _write_exit_record(prototype, status="AMBER", claims=_GREEN_PROTOTYPE_CLAIMS)
     |                                                              ^^^^^^^^^^^^^^^^^^^^^^^
     |
ERROR Cannot find module `_prereqs` [missing-import]
   --> tests/contract/test_host_operator_surface.py:310:12
    |
310 |     import _prereqs  # noqa: PLC0415
    |            ^^^^^^^^
    |
  Looked in these locations (from config in `/home/soultransit/devtony/ranex/pyrefly.toml`):
  Import root (inferred from project layout): "/home/soultransit/devtony/ranex/src"
  Site package path queried from interpreter: ["/home/soultransit/.cache/uv/builds-v0/.tmpJv3iQl/lib/python3.14/site-packages", "/home/soultransit/.cache/uv/archive-v0/wQgzUVSOYpP4bAvO/lib/python3.14/site-packages", "/home/soultransit/devtony/ranex/.venv/lib/python3.14/site-packages", "/home/soultransit/devtony/ranex/src"]
ERROR Cannot find module `_prereqs` [missing-import]
  --> tests/contract/test_prereq_gates.py:94:8
   |
94 | import _prereqs  # noqa: E402
   |        ^^^^^^^^
   |
  Looked in these locations (from config in `/home/soultransit/devtony/ranex/pyrefly.toml`):
  Import root (inferred from project layout): "/home/soultransit/devtony/ranex/src"
  Site package path queried from interpreter: ["/home/soultransit/.cache/uv/builds-v0/.tmpJv3iQl/lib/python3.14/site-packages", "/home/soultransit/.cache/uv/archive-v0/wQgzUVSOYpP4bAvO/lib/python3.14/site-packages", "/home/soultransit/devtony/ranex/.venv/lib/python3.14/site-packages", "/home/soultransit/devtony/ranex/src"]
ERROR Cannot find module `launcher_host` [missing-import]
    --> tests/contract/test_prereq_gates.py:1579:12
     |
1579 |     import launcher_host
     |            ^^^^^^^^^^^^^
     |
  Looked in these locations (from config in `/home/soultransit/devtony/ranex/pyrefly.toml`):
  Import root (inferred from project layout): "/home/soultransit/devtony/ranex/src"
  Site package path queried from interpreter: ["/home/soultransit/.cache/uv/builds-v0/.tmpJv3iQl/lib/python3.14/site-packages", "/home/soultransit/.cache/uv/archive-v0/wQgzUVSOYpP4bAvO/lib/python3.14/site-packages", "/home/soultransit/devtony/ranex/.venv/lib/python3.14/site-packages", "/home/soultransit/devtony/ranex/src"]
ERROR Cannot find module `_prereqs` [missing-import]
  --> tests/contract/test_real_suite_entrypoint.py:85:12
   |
85 |     import _prereqs  # noqa: PLC0415
   |            ^^^^^^^^
   |
  Looked in these locations (from config in `/home/soultransit/devtony/ranex/pyrefly.toml`):
  Import root (inferred from project layout): "/home/soultransit/devtony/ranex/src"
  Site package path queried from interpreter: ["/home/soultransit/.cache/uv/builds-v0/.tmpJv3iQl/lib/python3.14/site-packages", "/home/soultransit/.cache/uv/archive-v0/wQgzUVSOYpP4bAvO/lib/python3.14/site-packages", "/home/soultransit/devtony/ranex/.venv/lib/python3.14/site-packages", "/home/soultransit/devtony/ranex/src"]
ERROR Argument `object` is not assignable to parameter `iterable` with type `Iterable[@_]` in function `set.__init__` [bad-argument-type]
   --> tests/contract/test_specification_abc_v1.py:349:16
    |
349 |     assert set(schema["required"]) == fields
    |                ^^^^^^^^^^^^^^^^^^
    |
  Protocol `Iterable` requires attribute `__iter__`
ERROR Argument `object` is not assignable to parameter `iterable` with type `Iterable[@_]` in function `set.__init__` [bad-argument-type]
   --> tests/contract/test_specification_abc_v1.py:350:16
    |
350 |     assert set(schema["properties"]) == fields
    |                ^^^^^^^^^^^^^^^^^^^^
    |
  Protocol `Iterable` requires attribute `__iter__`
ERROR `in` is not supported between `Literal['"event":"version"']` and `object` [not-iterable]
   --> tests/contract/test_trace_invariance.py:227:12
    |
227 |     assert '"event":"version"' in arm["run_err"]
    |            ^^^^^^^^^^^^^^^^^^^^^^^^^^^^^^^^^^^^^
    |
ERROR `in` is not supported between `str` and `object` [not-iterable]
   --> tests/contract/test_trace_invariance.py:317:12
    |
317 |     assert str(target) in arm["run_err"], "a case-(a) refusal names the full path"
    |            ^^^^^^^^^^^^^^^^^^^^^^^^^^^^^
    |
ERROR Cannot find module `launcher_host` [missing-import]
   --> tests/e2e/_prereqs.py:285:12
    |
285 |     import launcher_host
    |            ^^^^^^^^^^^^^
    |
  Looked in these locations (from config in `/home/soultransit/devtony/ranex/pyrefly.toml`):
  Import root (inferred from project layout): "/home/soultransit/devtony/ranex/src"
  Site package path queried from interpreter: ["/home/soultransit/.cache/uv/builds-v0/.tmpJv3iQl/lib/python3.14/site-packages", "/home/soultransit/.cache/uv/archive-v0/wQgzUVSOYpP4bAvO/lib/python3.14/site-packages", "/home/soultransit/devtony/ranex/.venv/lib/python3.14/site-packages", "/home/soultransit/devtony/ranex/src"]
ERROR Cannot find module `_prereqs` [missing-import]
   --> tests/e2e/conftest.py:155:8
    |
155 | import _prereqs  # noqa: E402
    |        ^^^^^^^^
    |
  Looked in these locations (from config in `/home/soultransit/devtony/ranex/pyrefly.toml`):
  Import root (inferred from project layout): "/home/soultransit/devtony/ranex/src"
  Site package path queried from interpreter: ["/home/soultransit/.cache/uv/builds-v0/.tmpJv3iQl/lib/python3.14/site-packages", "/home/soultransit/.cache/uv/archive-v0/wQgzUVSOYpP4bAvO/lib/python3.14/site-packages", "/home/soultransit/devtony/ranex/.venv/lib/python3.14/site-packages", "/home/soultransit/devtony/ranex/src"]
ERROR Cannot find module `_slice072_extension` [missing-import]
   --> tests/e2e/fixtures/slice072-runtime/data/worker.py:147:12
    |
147 |     import _slice072_extension
    |            ^^^^^^^^^^^^^^^^^^^
    |
  Looked in these locations (from config in `/home/soultransit/devtony/ranex/pyrefly.toml`):
  Import root (inferred from project layout): "/home/soultransit/devtony/ranex/src"
  Site package path queried from interpreter: ["/home/soultransit/.cache/uv/builds-v0/.tmpJv3iQl/lib/python3.14/site-packages", "/home/soultransit/.cache/uv/archive-v0/wQgzUVSOYpP4bAvO/lib/python3.14/site-packages", "/home/soultransit/devtony/ranex/.venv/lib/python3.14/site-packages", "/home/soultransit/devtony/ranex/src"]
ERROR Cannot find module `_slice072_extension` [missing-import]
   --> tests/e2e/fixtures/slice072-worker.py:147:12
    |
147 |     import _slice072_extension
    |            ^^^^^^^^^^^^^^^^^^^
    |
  Looked in these locations (from config in `/home/soultransit/devtony/ranex/pyrefly.toml`):
  Import root (inferred from project layout): "/home/soultransit/devtony/ranex/src"
  Site package path queried from interpreter: ["/home/soultransit/.cache/uv/builds-v0/.tmpJv3iQl/lib/python3.14/site-packages", "/home/soultransit/.cache/uv/archive-v0/wQgzUVSOYpP4bAvO/lib/python3.14/site-packages", "/home/soultransit/devtony/ranex/.venv/lib/python3.14/site-packages", "/home/soultransit/devtony/ranex/src"]
ERROR Cannot index into `dict[str, dict[str, object]]` [bad-index]
   --> tests/e2e/specification/subjects.py:101:26
    |
101 |     expected = _EXPECTED[name]
    |                          ^^^^
    |
  Argument `object | None` is not assignable to parameter `key` with type `str` in function `dict.__getitem__`
  The declared type does not allow `None`. Consider narrowing the value with an `is not None` check.
ERROR Object of type `object | None` has no attribute `get` [missing-attribute]
   --> tests/e2e/specification/subjects.py:114:23
    |
114 |     if not isinstance(lockfile.get("sha256"), str) or not _SHA256.fullmatch(lockfile["sha256"]):
    |                       ^^^^^^^^^^^^
    |
  Object of class `NoneType` has no attribute `get`
  Object of class `object` has no attribute `get`
ERROR Cannot index into `object` [bad-index]
   --> tests/e2e/specification/subjects.py:114:77
    |
114 |     if not isinstance(lockfile.get("sha256"), str) or not _SHA256.fullmatch(lockfile["sha256"]):
    |                                                                             ^^^^^^^^^^^^^^^^^^
    |
  Object of class `object` has no attribute `__getitem__`
ERROR `None` is not subscriptable [unsupported-operation]
   --> tests/e2e/specification/subjects.py:114:77
    |
114 |     if not isinstance(lockfile.get("sha256"), str) or not _SHA256.fullmatch(lockfile["sha256"]):
    |                                                                             ^^^^^^^^^^^^^^^^^^
    |
ERROR Type `object` is not iterable [not-iterable]
   --> tests/e2e/specification/subjects.py:122:44
    |
122 |     if tuple(tuple(command) for command in commands) != expected["process_commands"]:
    |                                            ^^^^^^^^
    |
ERROR Type `None` is not iterable [not-iterable]
   --> tests/e2e/specification/subjects.py:122:44
    |
122 |     if tuple(tuple(command) for command in commands) != expected["process_commands"]:
    |                                            ^^^^^^^^
    |
ERROR Object of class `object` has no attribute `items` [missing-attribute]
   --> tests/e2e/specification/subjects.py:131:36
    |
131 |         for key, expected_value in expected["metadata"].items():
    |                                    ^^^^^^^^^^^^^^^^^^^^^^^^^^
    |
ERROR Object of type `object | None` has no attribute `get` [missing-attribute]
   --> tests/e2e/specification/subjects.py:133:34
    |
133 |                 "license_bytes": license_metadata.get("bytes"),
    |                                  ^^^^^^^^^^^^^^^^^^^^
    |
  Object of class `NoneType` has no attribute `get`
  Object of class `object` has no attribute `get`
ERROR Object of type `object | None` has no attribute `get` [missing-attribute]
   --> tests/e2e/specification/subjects.py:134:35
    |
134 |                 "license_sha256": license_metadata.get("sha256"),
    |                                   ^^^^^^^^^^^^^^^^^^^^
    |
  Object of class `NoneType` has no attribute `get`
  Object of class `object` has no attribute `get`
ERROR Object of type `object | None` has no attribute `get` [missing-attribute]
   --> tests/e2e/specification/subjects.py:135:33
    |
135 |                 "license_blob": license_metadata.get("blob"),
    |                                 ^^^^^^^^^^^^^^^^^^^^
    |
  Object of class `NoneType` has no attribute `get`
  Object of class `object` has no attribute `get`
ERROR Object of type `object | None` has no attribute `get` [missing-attribute]
   --> tests/e2e/specification/subjects.py:136:35
    |
136 |                 "lockfile_bytes": lockfile.get("bytes"),
    |                                   ^^^^^^^^^^^^
    |
  Object of class `NoneType` has no attribute `get`
  Object of class `object` has no attribute `get`
ERROR Object of type `object | None` has no attribute `get` [missing-attribute]
   --> tests/e2e/specification/subjects.py:137:36
    |
137 |                 "lockfile_sha256": lockfile.get("sha256"),
    |                                    ^^^^^^^^^^^^
    |
  Object of class `NoneType` has no attribute `get`
  Object of class `object` has no attribute `get`
ERROR Object of type `object | None` has no attribute `get` [missing-attribute]
   --> tests/e2e/specification/subjects.py:138:34
    |
138 |                 "lockfile_blob": lockfile.get("blob"),
    |                                  ^^^^^^^^^^^^
    |
  Object of class `NoneType` has no attribute `get`
  Object of class `object` has no attribute `get`
ERROR Object of type `object | None` has no attribute `get` [missing-attribute]
   --> tests/e2e/specification/subjects.py:139:39
    |
139 |                 "package_json_bytes": package_json.get("bytes"),
    |                                       ^^^^^^^^^^^^^^^^
    |
  Object of class `NoneType` has no attribute `get`
  Object of class `object` has no attribute `get`
ERROR Object of type `object | None` has no attribute `get` [missing-attribute]
   --> tests/e2e/specification/subjects.py:140:40
    |
140 |                 "package_json_sha256": package_json.get("sha256"),
    |                                        ^^^^^^^^^^^^^^^^
    |
  Object of class `NoneType` has no attribute `get`
  Object of class `object` has no attribute `get`
ERROR Object of type `object | None` has no attribute `get` [missing-attribute]
   --> tests/e2e/specification/subjects.py:141:38
    |
141 |                 "package_json_blob": package_json.get("blob"),
    |                                      ^^^^^^^^^^^^^^^^
    |
  Object of class `NoneType` has no attribute `get`
  Object of class `object` has no attribute `get`
ERROR Cannot index into `object` [bad-index]
   --> tests/e2e/specification/subjects.py:289:13
    |
289 |         str(lock["path"]): (checkout / str(lock["path"]), lock, "lockfile"),
    |             ^^^^^^^^^^^^
    |
  Object of class `object` has no attribute `__getitem__`
ERROR `None` is not subscriptable [unsupported-operation]
   --> tests/e2e/specification/subjects.py:289:13
    |
289 |         str(lock["path"]): (checkout / str(lock["path"]), lock, "lockfile"),
    |             ^^^^^^^^^^^^
    |
ERROR Cannot index into `object` [bad-index]
   --> tests/e2e/specification/subjects.py:289:44
    |
289 |         str(lock["path"]): (checkout / str(lock["path"]), lock, "lockfile"),
    |                                            ^^^^^^^^^^^^
    |
  Object of class `object` has no attribute `__getitem__`
ERROR `None` is not subscriptable [unsupported-operation]
   --> tests/e2e/specification/subjects.py:289:44
    |
289 |         str(lock["path"]): (checkout / str(lock["path"]), lock, "lockfile"),
    |                                            ^^^^^^^^^^^^
    |
ERROR Object of type `object | None` has no attribute `get` [missing-attribute]
   --> tests/e2e/specification/subjects.py:298:29
    |
298 |         if (len(content) != facts.get("bytes") or hashlib.sha256(content).hexdigest() != facts.get("sha256")
    |                             ^^^^^^^^^
    |
  Object of class `NoneType` has no attribute `get`
  Object of class `object` has no attribute `get`
ERROR Object of type `object | None` has no attribute `get` [missing-attribute]
   --> tests/e2e/specification/subjects.py:298:90
    |
298 |         if (len(content) != facts.get("bytes") or hashlib.sha256(content).hexdigest() != facts.get("sha256")
    |                                                                                          ^^^^^^^^^
    |
  Object of class `NoneType` has no attribute `get`
  Object of class `object` has no attribute `get`
ERROR Object of type `object | None` has no attribute `get` [missing-attribute]
   --> tests/e2e/specification/subjects.py:299:28
    |
299 |                 or blob != facts.get("blob")):
    |                            ^^^^^^^^^
    |
  Object of class `NoneType` has no attribute `get`
  Object of class `object` has no attribute `get`
ERROR Argument `object` is not assignable to parameter `x` with type `Buffer | SupportsIndex | SupportsInt | str` in function `int.__new__` [bad-argument-type]
   --> tests/e2e/specification/subjects.py:329:56
    |
329 |         validate_checkout(subject, root, KOGG_PIN, int(subject["issue"]))
    |                                                        ^^^^^^^^^^^^^^^^
    |
  Protocol `Buffer` requires attribute `__buffer__`
ERROR Type `object` is not iterable [not-iterable]
   --> tests/e2e/specification/subjects.py:366:80
    |
366 |     all_commands = [tuple(manager["command"]), *(tuple(command) for command in subject["process_commands"])]
    |                                                                                ^^^^^^^^^^^^^^^^^^^^^^^^^^^
    |
ERROR Cannot find module `_prereqs` [missing-import]
   --> tests/e2e/test_cold_start_journey.py:119:12
    |
119 |     import _prereqs
    |            ^^^^^^^^
    |
  Looked in these locations (from config in `/home/soultransit/devtony/ranex/pyrefly.toml`):
  Import root (inferred from project layout): "/home/soultransit/devtony/ranex/src"
  Site package path queried from interpreter: ["/home/soultransit/.cache/uv/builds-v0/.tmpJv3iQl/lib/python3.14/site-packages", "/home/soultransit/.cache/uv/archive-v0/wQgzUVSOYpP4bAvO/lib/python3.14/site-packages", "/home/soultransit/devtony/ranex/.venv/lib/python3.14/site-packages", "/home/soultransit/devtony/ranex/src"]
ERROR Argument `Mapping[str, Any]` is not assignable to parameter `host_state` with type `dict[str, object]` in function `qualification_report` [bad-argument-type]
   --> tests/e2e/test_cold_start_journey.py:329:35
    |
329 |     report = qualification_report(host_state)
    |                                   ^^^^^^^^^^
    |
ERROR Argument `Path | None` is not assignable to parameter `repo` with type `Path` in function `git` [bad-argument-type]
   --> tests/e2e/test_cold_start_journey.py:371:13
    |
371 |         git(operator.clone, "config", key, value)
    |             ^^^^^^^^^^^^^^
    |
  The declared type does not allow `None`. Consider narrowing the value with an `is not None` check.
ERROR Object of class `NoneType` has no attribute `rglob` [missing-attribute]
   --> tests/e2e/test_cold_start_journey.py:375:21
    |
375 |     assert not list(operator.clone.rglob("*.key"))
    |                     ^^^^^^^^^^^^^^^^^^^^
    |
ERROR `/` is not supported between `None` and `Literal['.venv']` [unsupported-operation]
   --> tests/e2e/test_cold_start_journey.py:376:17
    |
376 |     assert not (operator.clone / ".venv").exists()
    |                 --------------^^^-------
    |                 |                |
    |                 |                has type `Literal['.venv']`
    |                 has type `None`
    |
  Cannot find `__truediv__` or `__rtruediv__`
ERROR Object of class `NoneType` has no attribute `exists` [missing-attribute]
   --> tests/e2e/test_cold_start_journey.py:377:16
    |
377 |     assert not operator.store.exists()
    |                ^^^^^^^^^^^^^^^^^^^^^
    |
ERROR `/` is not supported between `None` and `Literal['governance']` [unsupported-operation]
   --> tests/e2e/test_cold_start_journey.py:384:10
    |
384 |         (operator.clone / "governance" / "producers.yaml").read_text(encoding="utf-8")
    |          --------------^^^------------
    |          |                |
    |          |                has type `Literal['governance']`
    |          has type `None`
    |
  Cannot find `__truediv__` or `__rtruediv__`
ERROR Argument `Path | None` is not assignable to parameter `repo` with type `Path` in function `ranex` [bad-argument-type]
   --> tests/e2e/test_cold_start_journey.py:409:9
    |
409 |         operator.clone, ["gate", "evaluate", "HEAD", "--approver", "reviewer_alice"]
    |         ^^^^^^^^^^^^^^
    |
  The declared type does not allow `None`. Consider narrowing the value with an `is not None` check.
ERROR Object of class `NoneType` has no attribute `parent` [missing-attribute]
   --> tests/e2e/test_cold_start_journey.py:429:5
    |
429 |     operator.key.parent.mkdir(parents=True, exist_ok=True)
    |     ^^^^^^^^^^^^^^^^^^^
    |
ERROR Argument `Path | None` is not assignable to parameter `repo` with type `Path` in function `ranex` [bad-argument-type]
   --> tests/e2e/test_cold_start_journey.py:431:9
    |
431 |         operator.clone, ["keygen", "--producer", "worker"], key=operator.key
    |         ^^^^^^^^^^^^^^
    |
  The declared type does not allow `None`. Consider narrowing the value with an `is not None` check.
ERROR Object of class `NoneType` has no attribute `is_file` [missing-attribute]
   --> tests/e2e/test_cold_start_journey.py:434:12
    |
434 |     assert operator.key.is_file()
    |            ^^^^^^^^^^^^^^^^^^^^
    |
ERROR Object of class `NoneType` has no attribute `stat` [missing-attribute]
   --> tests/e2e/test_cold_start_journey.py:437:16
    |
437 |     assert oct(operator.key.stat().st_mode)[-3:] == "600"
    |                ^^^^^^^^^^^^^^^^^
    |
ERROR Object of class `NoneType` has no attribute `parents` [missing-attribute]
   --> tests/e2e/test_cold_start_journey.py:438:29
    |
438 |     assert REAL_REPO not in operator.key.parents
    |                             ^^^^^^^^^^^^^^^^^^^^
    |
ERROR Object of class `NoneType` has no attribute `parents` [missing-attribute]
   --> tests/e2e/test_cold_start_journey.py:439:34
    |
439 |     assert operator.clone not in operator.key.parents
    |                                  ^^^^^^^^^^^^^^^^^^^^
    |
ERROR `/` is not supported between `None` and `Literal['governance']` [unsupported-operation]
   --> tests/e2e/test_cold_start_journey.py:465:15
    |
465 |     keyring = operator.clone / "governance" / "producers.yaml"
    |               --------------^^^------------
    |               |                |
    |               |                has type `Literal['governance']`
    |               has type `None`
    |
  Cannot find `__truediv__` or `__rtruediv__`
ERROR Argument `Path | None` is not assignable to parameter `repo` with type `Path` in function `git` [bad-argument-type]
   --> tests/e2e/test_cold_start_journey.py:473:9
    |
473 |     git(operator.clone, "add", "governance/producers.yaml")
    |         ^^^^^^^^^^^^^^
    |
  The declared type does not allow `None`. Consider narrowing the value with an `is not None` check.
ERROR Argument `Path | None` is not assignable to parameter `repo` with type `Path` in function `git` [bad-argument-type]
   --> tests/e2e/test_cold_start_journey.py:474:21
    |
474 |     committed = git(operator.clone, "commit", "-q", "-m", "register worker")
    |                     ^^^^^^^^^^^^^^
    |
  The declared type does not allow `None`. Consider narrowing the value with an `is not None` check.
ERROR Argument `Path | None` is not assignable to parameter `repo` with type `Path` in function `ranex` [bad-argument-type]
   --> tests/e2e/test_cold_start_journey.py:497:9
    |
497 |         operator.clone,
    |         ^^^^^^^^^^^^^^
    |
  The declared type does not allow `None`. Consider narrowing the value with an `is not None` check.
ERROR `/` is not supported between `None` and `Literal['governance']` [unsupported-operation]
   --> tests/e2e/test_cold_start_journey.py:507:17
    |
507 |     assert not (operator.clone / "governance" / "evidence.json").exists()
    |                 --------------^^^------------
    |                 |                |
    |                 |                has type `Literal['governance']`
    |                 has type `None`
    |
  Cannot find `__truediv__` or `__rtruediv__`
ERROR Argument `Path | None` is not assignable to parameter `repo` with type `Path` in function `ranex` [bad-argument-type]
   --> tests/e2e/test_cold_start_journey.py:521:9
    |
521 |         operator.clone,
    |         ^^^^^^^^^^^^^^
    |
  The declared type does not allow `None`. Consider narrowing the value with an `is not None` check.
ERROR Argument `Path | None` is not assignable to parameter `repo` with type `Path` in function `ranex` [bad-argument-type]
   --> tests/e2e/test_cold_start_journey.py:540:9
    |
540 |         operator.clone,
    |         ^^^^^^^^^^^^^^
    |
  The declared type does not allow `None`. Consider narrowing the value with an `is not None` check.
ERROR Argument `Path | None` is not assignable to parameter `repo` with type `Path` in function `ranex` [bad-argument-type]
   --> tests/e2e/test_cold_start_journey.py:567:9
    |
567 |         operator.clone,
    |         ^^^^^^^^^^^^^^
    |
  The declared type does not allow `None`. Consider narrowing the value with an `is not None` check.
ERROR `/` is not supported between `None` and `Literal['governance']` [unsupported-operation]
   --> tests/e2e/test_cold_start_journey.py:575:16
    |
575 |     evidence = operator.clone / "governance" / "evidence.json"
    |                --------------^^^------------
    |                |                |
    |                |                has type `Literal['governance']`
    |                has type `None`
    |
  Cannot find `__truediv__` or `__rtruediv__`
ERROR Argument `Path | None` is not assignable to parameter `repo` with type `Path` in function `record_live_host_qualification` [bad-argument-type]
   --> tests/e2e/test_cold_start_journey.py:594:36
    |
594 |     record_live_host_qualification(operator.clone, operator.key)
    |                                    ^^^^^^^^^^^^^^
    |
  The declared type does not allow `None`. Consider narrowing the value with an `is not None` check.
ERROR Argument `Path | None` is not assignable to parameter `key_path` with type `Path` in function `record_live_host_qualification` [bad-argument-type]
   --> tests/e2e/test_cold_start_journey.py:594:52
    |
594 |     record_live_host_qualification(operator.clone, operator.key)
    |                                                    ^^^^^^^^^^^^
    |
  The declared type does not allow `None`. Consider narrowing the value with an `is not None` check.
ERROR Argument `Path | None` is not assignable to parameter `repo` with type `Path` in function `ranex` [bad-argument-type]
   --> tests/e2e/test_cold_start_journey.py:596:9
    |
596 |         operator.clone,
    |         ^^^^^^^^^^^^^^
    |
  The declared type does not allow `None`. Consider narrowing the value with an `is not None` check.
ERROR Cannot find module `_prereqs` [missing-import]
  --> tests/e2e/test_confinement_real.py:97:8
   |
97 | import _prereqs  # noqa: E402
   |        ^^^^^^^^
   |
  Looked in these locations (from config in `/home/soultransit/devtony/ranex/pyrefly.toml`):
  Import root (inferred from project layout): "/home/soultransit/devtony/ranex/src"
  Site package path queried from interpreter: ["/home/soultransit/.cache/uv/builds-v0/.tmpJv3iQl/lib/python3.14/site-packages", "/home/soultransit/.cache/uv/archive-v0/wQgzUVSOYpP4bAvO/lib/python3.14/site-packages", "/home/soultransit/devtony/ranex/.venv/lib/python3.14/site-packages", "/home/soultransit/devtony/ranex/src"]
ERROR Cannot find module `launcher_host` [missing-import]
  --> tests/e2e/test_confinement_real.py:98:8
   |
98 | import launcher_host  # noqa: E402
   |        ^^^^^^^^^^^^^
   |
  Looked in these locations (from config in `/home/soultransit/devtony/ranex/pyrefly.toml`):
  Import root (inferred from project layout): "/home/soultransit/devtony/ranex/src"
  Site package path queried from interpreter: ["/home/soultransit/.cache/uv/builds-v0/.tmpJv3iQl/lib/python3.14/site-packages", "/home/soultransit/.cache/uv/archive-v0/wQgzUVSOYpP4bAvO/lib/python3.14/site-packages", "/home/soultransit/devtony/ranex/.venv/lib/python3.14/site-packages", "/home/soultransit/devtony/ranex/src"]
ERROR Argument `dict[str, int | str | None]` is not assignable to parameter `record` with type `dict[str, object]` in function `ranex.cli.main.record_evidence` [bad-argument-type]
   --> tests/e2e/test_confinement_real.py:379:36
    |
379 |     record_evidence(evidence_path, record)
    |                                    ^^^^^^
    |
ERROR Argument `dict[str, int | str | None]` is not assignable to parameter `record` with type `dict[str, object] | None` in function `V1SessionObservation.__init__` [bad-argument-type]
   --> tests/e2e/test_confinement_real.py:386:28
    |
386 |         completed, result, record, transcript, result_path, evidence_path
    |                            ^^^^^^
    |
ERROR Cannot find module `_prereqs` [missing-import]
  --> tests/e2e/test_delegated_probe_serialization.py:31:8
   |
31 | import _prereqs  # noqa: E402
   |        ^^^^^^^^
   |
  Looked in these locations (from config in `/home/soultransit/devtony/ranex/pyrefly.toml`):
  Import root (inferred from project layout): "/home/soultransit/devtony/ranex/src"
  Site package path queried from interpreter: ["/home/soultransit/.cache/uv/builds-v0/.tmpJv3iQl/lib/python3.14/site-packages", "/home/soultransit/.cache/uv/archive-v0/wQgzUVSOYpP4bAvO/lib/python3.14/site-packages", "/home/soultransit/devtony/ranex/.venv/lib/python3.14/site-packages", "/home/soultransit/devtony/ranex/src"]
ERROR Cannot find module `_prereqs` [missing-import]
  --> tests/e2e/test_delegated_session_serialization.py:37:8
   |
37 | import _prereqs  # noqa: E402
   |        ^^^^^^^^
   |
  Looked in these locations (from config in `/home/soultransit/devtony/ranex/pyrefly.toml`):
  Import root (inferred from project layout): "/home/soultransit/devtony/ranex/src"
  Site package path queried from interpreter: ["/home/soultransit/.cache/uv/builds-v0/.tmpJv3iQl/lib/python3.14/site-packages", "/home/soultransit/.cache/uv/archive-v0/wQgzUVSOYpP4bAvO/lib/python3.14/site-packages", "/home/soultransit/devtony/ranex/.venv/lib/python3.14/site-packages", "/home/soultransit/devtony/ranex/src"]
ERROR Cannot find module `_provider_neutral_subject` [missing-import]
  --> tests/e2e/test_delegation_real.py:7:1
   |
 7 | / from _provider_neutral_subject import (
 8 | |     PATCH_COMMIT,
 9 | |     assert_nested_hermetic_boundary,
10 | |     git,
11 | |     materialize,
12 | |     nested_hermetic_boundary,
13 | |     run_focused,
14 | | )
   | |_^
   |
  Looked in these locations (from config in `/home/soultransit/devtony/ranex/pyrefly.toml`):
  Import root (inferred from project layout): "/home/soultransit/devtony/ranex/src"
  Site package path queried from interpreter: ["/home/soultransit/.cache/uv/builds-v0/.tmpJv3iQl/lib/python3.14/site-packages", "/home/soultransit/.cache/uv/archive-v0/wQgzUVSOYpP4bAvO/lib/python3.14/site-packages", "/home/soultransit/devtony/ranex/.venv/lib/python3.14/site-packages", "/home/soultransit/devtony/ranex/src"]
ERROR Cannot find module `_prereqs` [missing-import]
  --> tests/e2e/test_deps_real.py:89:8
   |
89 | import _prereqs  # noqa: E402
   |        ^^^^^^^^
   |
  Looked in these locations (from config in `/home/soultransit/devtony/ranex/pyrefly.toml`):
  Import root (inferred from project layout): "/home/soultransit/devtony/ranex/src"
  Site package path queried from interpreter: ["/home/soultransit/.cache/uv/builds-v0/.tmpJv3iQl/lib/python3.14/site-packages", "/home/soultransit/.cache/uv/archive-v0/wQgzUVSOYpP4bAvO/lib/python3.14/site-packages", "/home/soultransit/devtony/ranex/.venv/lib/python3.14/site-packages", "/home/soultransit/devtony/ranex/src"]
ERROR Returned type `tuple[int, ...]` is not assignable to declared return type `tuple[int, int, int]` [bad-return]
   --> tests/e2e/test_deps_real.py:249:12
    |
246 | def _fetch_counts(transcript: str) -> tuple[int, int, int]:
    |                                       -------------------- declared return type
247 |     match = _FETCHED_RE.search(transcript)
248 |     assert match, f"the transcript carries no FETCHED line: {transcript!r}"
249 |     return tuple(int(group) for group in match.groups())
    |            ^^^^^^^^^^^^^^^^^^^^^^^^^^^^^^^^^^^^^^^^^^^^^
    |
ERROR Class member `IndexHandler.log_message` overrides parent class `BaseHTTPRequestHandler` in an inconsistent manner [bad-override-param-name]
   --> tests/e2e/test_deps_real.py:517:13
    |
517 |         def log_message(self, _format: str, *args: object) -> None:
    |             ^^^^^^^^^^^
    |
  Got parameter name `_format`, expected `format`
ERROR Argument `object` is not assignable to parameter `iterable` with type `Iterable[@_]` in function `set.__init__` [bad-argument-type]
   --> tests/e2e/test_dynamic_runtime_closure_real.py:376:20
    |
376 |         assert set(runtime) == {
    |                    ^^^^^^^
    |
  Protocol `Iterable` requires attribute `__iter__`
ERROR Cannot index into `object` [bad-index]
   --> tests/e2e/test_dynamic_runtime_closure_real.py:393:16
    |
393 |         assert runtime["sealed_file_set_digest"] == _independent_file_set_digest(
    |                ^^^^^^^^^^^^^^^^^^^^^^^^^^^^^^^^^
    |
  Object of class `object` has no attribute `__getitem__`
ERROR Cannot index into `object` [bad-index]
   --> tests/e2e/test_dynamic_runtime_closure_real.py:397:16
    |
397 |         assert runtime["manifest_digest"] == hashlib.sha256(
    |                ^^^^^^^^^^^^^^^^^^^^^^^^^^
    |
  Object of class `object` has no attribute `__getitem__`
ERROR Cannot index into `object` [bad-index]
   --> tests/e2e/test_dynamic_runtime_closure_real.py:403:16
    |
403 |         assert runtime["loader_digest"] == hashlib.sha256(
    |                ^^^^^^^^^^^^^^^^^^^^^^^^
    |
  Object of class `object` has no attribute `__getitem__`
ERROR Cannot index into `object` [bad-index]
   --> tests/e2e/test_dynamic_runtime_closure_real.py:406:16
    |
406 |         assert runtime["profile_digest"] == hashlib.sha256(
    |                ^^^^^^^^^^^^^^^^^^^^^^^^^
    |
  Object of class `object` has no attribute `__getitem__`
ERROR Cannot index into `object` [bad-index]
   --> tests/e2e/test_dynamic_runtime_closure_real.py:409:16
    |
409 |         assert runtime["parsed_graph_digest"] == _independent_parsed_graph_digest(
    |                ^^^^^^^^^^^^^^^^^^^^^^^^^^^^^^
    |
  Object of class `object` has no attribute `__getitem__`
ERROR Cannot index into `object` [bad-index]
   --> tests/e2e/test_dynamic_runtime_closure_real.py:412:16
    |
412 |         assert runtime["realized_graph_digest"] == _independent_realized_graph_digest(
    |                ^^^^^^^^^^^^^^^^^^^^^^^^^^^^^^^^
    |
  Object of class `object` has no attribute `__getitem__`
ERROR Cannot find module `_provider_neutral_subject` [missing-import]
  --> tests/e2e/test_first_delegation.py:7:1
   |
 7 | / from _provider_neutral_subject import (
 8 | |     BASE_COMMIT,
 9 | |     PATCH_COMMIT,
10 | |     assert_nested_hermetic_boundary,
11 | |     git,
12 | |     materialize,
13 | |     nested_hermetic_boundary,
14 | |     run_focused,
15 | | )
   | |_^
   |
  Looked in these locations (from config in `/home/soultransit/devtony/ranex/pyrefly.toml`):
  Import root (inferred from project layout): "/home/soultransit/devtony/ranex/src"
  Site package path queried from interpreter: ["/home/soultransit/.cache/uv/builds-v0/.tmpJv3iQl/lib/python3.14/site-packages", "/home/soultransit/.cache/uv/archive-v0/wQgzUVSOYpP4bAvO/lib/python3.14/site-packages", "/home/soultransit/devtony/ranex/.venv/lib/python3.14/site-packages", "/home/soultransit/devtony/ranex/src"]
ERROR Cannot find module `conftest` [missing-import]
  --> tests/e2e/test_gate_evaluate_cli.py:17:1
   |
17 | from conftest import Signing, attach, signing_for
   | ^^^^^^^^^^^^^^^^^^^^^^^^^^^^^^^^^^^^^^^^^^^^^^^^^
   |
  Looked in these locations (from config in `/home/soultransit/devtony/ranex/pyrefly.toml`):
  Import root (inferred from project layout): "/home/soultransit/devtony/ranex/src"
  Site package path queried from interpreter: ["/home/soultransit/.cache/uv/builds-v0/.tmpJv3iQl/lib/python3.14/site-packages", "/home/soultransit/.cache/uv/archive-v0/wQgzUVSOYpP4bAvO/lib/python3.14/site-packages", "/home/soultransit/devtony/ranex/.venv/lib/python3.14/site-packages", "/home/soultransit/devtony/ranex/src"]
ERROR Cannot find module `conftest` [missing-import]
  --> tests/e2e/test_gate_evaluate_mixed_cli.py:25:1
   |
25 | from conftest import Signing, attach, signing_for
   | ^^^^^^^^^^^^^^^^^^^^^^^^^^^^^^^^^^^^^^^^^^^^^^^^^
   |
  Looked in these locations (from config in `/home/soultransit/devtony/ranex/pyrefly.toml`):
  Import root (inferred from project layout): "/home/soultransit/devtony/ranex/src"
  Site package path queried from interpreter: ["/home/soultransit/.cache/uv/builds-v0/.tmpJv3iQl/lib/python3.14/site-packages", "/home/soultransit/.cache/uv/archive-v0/wQgzUVSOYpP4bAvO/lib/python3.14/site-packages", "/home/soultransit/devtony/ranex/.venv/lib/python3.14/site-packages", "/home/soultransit/devtony/ranex/src"]
ERROR Cannot find module `_prereqs` [missing-import]
  --> tests/e2e/test_gate_evaluate_real.py:87:8
   |
87 | import _prereqs  # noqa: E402
   |        ^^^^^^^^
   |
  Looked in these locations (from config in `/home/soultransit/devtony/ranex/pyrefly.toml`):
  Import root (inferred from project layout): "/home/soultransit/devtony/ranex/src"
  Site package path queried from interpreter: ["/home/soultransit/.cache/uv/builds-v0/.tmpJv3iQl/lib/python3.14/site-packages", "/home/soultransit/.cache/uv/archive-v0/wQgzUVSOYpP4bAvO/lib/python3.14/site-packages", "/home/soultransit/devtony/ranex/.venv/lib/python3.14/site-packages", "/home/soultransit/devtony/ranex/src"]
ERROR Cannot find module `_prereqs` [missing-import]
  --> tests/e2e/test_gating_real_suite.py:81:12
   |
81 |     import _prereqs
   |            ^^^^^^^^
   |
  Looked in these locations (from config in `/home/soultransit/devtony/ranex/pyrefly.toml`):
  Import root (inferred from project layout): "/home/soultransit/devtony/ranex/src"
  Site package path queried from interpreter: ["/home/soultransit/.cache/uv/builds-v0/.tmpJv3iQl/lib/python3.14/site-packages", "/home/soultransit/.cache/uv/archive-v0/wQgzUVSOYpP4bAvO/lib/python3.14/site-packages", "/home/soultransit/devtony/ranex/.venv/lib/python3.14/site-packages", "/home/soultransit/devtony/ranex/src"]
ERROR Argument `Mapping[str, Any]` is not assignable to parameter `host_state` with type `dict[str, object]` in function `qualification_report` [bad-argument-type]
   --> tests/e2e/test_gating_real_suite.py:569:35
    |
569 |     report = qualification_report(host_state)
    |                                   ^^^^^^^^^^
    |
ERROR Object of class `NoneType` has no attribute `parent` [missing-attribute]
   --> tests/e2e/test_gating_real_suite.py:601:13
    |
601 |     clone = session.store.parent / "clone"
    |             ^^^^^^^^^^^^^^^^^^^^
    |
ERROR Object of class `NoneType` has no attribute `parent` [missing-attribute]
   --> tests/e2e/test_gating_real_suite.py:619:16
    |
619 |     key_path = session.store.parent / "worker.key"
    |                ^^^^^^^^^^^^^^^^^^^^
    |
ERROR Argument `Path | None` is not assignable to parameter `repo` with type `Path` in function `ranex` [bad-argument-type]
   --> tests/e2e/test_gating_real_suite.py:641:26
    |
641 |     code, _, err = ranex(session.clone, run_argv(session.store), session.key_path)
    |                          ^^^^^^^^^^^^^
    |
  The declared type does not allow `None`. Consider narrowing the value with an `is not None` check.
ERROR Argument `Path | None` is not assignable to parameter `store` with type `Path` in function `run_argv` [bad-argument-type]
   --> tests/e2e/test_gating_real_suite.py:641:50
    |
641 |     code, _, err = ranex(session.clone, run_argv(session.store), session.key_path)
    |                                                  ^^^^^^^^^^^^^
    |
  The declared type does not allow `None`. Consider narrowing the value with an `is not None` check.
ERROR `/` is not supported between `None` and `Literal['governance']` [unsupported-operation]
   --> tests/e2e/test_gating_real_suite.py:644:17
    |
644 |     assert not (session.clone / "governance" / "evidence.json").exists()
    |                 -------------^^^------------
    |                 |               |
    |                 |               has type `Literal['governance']`
    |                 has type `None`
    |
  Cannot find `__truediv__` or `__rtruediv__`
ERROR Object of class `NoneType` has no attribute `parent` [missing-attribute]
   --> tests/e2e/test_gating_real_suite.py:661:15
    |
661 |     scratch = session.store.parent / "lock-check"
    |               ^^^^^^^^^^^^^^^^^^^^
    |
ERROR `/` is not supported between `None` and `Literal['pyproject.toml']` [unsupported-operation]
   --> tests/e2e/test_gating_real_suite.py:663:17
    |
663 |     shutil.copy(session.clone / "pyproject.toml", scratch)
    |                 -------------^^^----------------
    |                 |               |
    |                 |               has type `Literal['pyproject.toml']`
    |                 has type `None`
    |
  Cannot find `__truediv__` or `__rtruediv__`
ERROR `/` is not supported between `None` and `Literal['uv.lock']` [unsupported-operation]
   --> tests/e2e/test_gating_real_suite.py:664:13
    |
664 |     text = (session.clone / "uv.lock").read_text()
    |             -------------^^^---------
    |             |               |
    |             |               has type `Literal['uv.lock']`
    |             has type `None`
    |
  Cannot find `__truediv__` or `__rtruediv__`
ERROR `/` is not supported between `None` and `Literal['uv.lock']` [unsupported-operation]
   --> tests/e2e/test_gating_real_suite.py:710:12
    |
710 |     lock = session.clone / "uv.lock"
    |            -------------^^^---------
    |            |               |
    |            |               has type `Literal['uv.lock']`
    |            has type `None`
    |
  Cannot find `__truediv__` or `__rtruediv__`
ERROR Argument `Path | None` is not assignable to parameter `repo` with type `Path` in function `git` [bad-argument-type]
   --> tests/e2e/test_gating_real_suite.py:717:9
    |
717 |     git(session.clone, "add", "uv.lock")
    |         ^^^^^^^^^^^^^
    |
  The declared type does not allow `None`. Consider narrowing the value with an `is not None` check.
ERROR Argument `Path | None` is not assignable to parameter `repo` with type `Path` in function `git` [bad-argument-type]
   --> tests/e2e/test_gating_real_suite.py:718:9
    |
718 |     git(session.clone, "commit", "-q", "-m", "fabricate a wheel hash")
    |         ^^^^^^^^^^^^^
    |
  The declared type does not allow `None`. Consider narrowing the value with an `is not None` check.
ERROR Argument `Path | None` is not assignable to parameter `repo` with type `Path` in function `ranex` [bad-argument-type]
   --> tests/e2e/test_gating_real_suite.py:720:30
    |
720 |         code, _, err = ranex(session.clone, fetch_argv(session.store))
    |                              ^^^^^^^^^^^^^
    |
  The declared type does not allow `None`. Consider narrowing the value with an `is not None` check.
ERROR Argument `Path | None` is not assignable to parameter `store` with type `Path` in function `fetch_argv` [bad-argument-type]
   --> tests/e2e/test_gating_real_suite.py:720:56
    |
720 |         code, _, err = ranex(session.clone, fetch_argv(session.store))
    |                                                        ^^^^^^^^^^^^^
    |
  The declared type does not allow `None`. Consider narrowing the value with an `is not None` check.
ERROR Argument `Path | None` is not assignable to parameter `repo` with type `Path` in function `journal_entries` [bad-argument-type]
   --> tests/e2e/test_gating_real_suite.py:725:42
    |
725 |             for entry in journal_entries(session.clone)
    |                                          ^^^^^^^^^^^^^
    |
  The declared type does not allow `None`. Consider narrowing the value with an `is not None` check.
ERROR Argument `Path | None` is not assignable to parameter `repo` with type `Path` in function `git` [bad-argument-type]
   --> tests/e2e/test_gating_real_suite.py:728:13
    |
728 |         git(session.clone, "reset", "-q", "--hard", "HEAD^")
    |             ^^^^^^^^^^^^^
    |
  The declared type does not allow `None`. Consider narrowing the value with an `is not None` check.
ERROR `/` is not supported between `None` and `Literal['governance']` [unsupported-operation]
   --> tests/e2e/test_gating_real_suite.py:736:12
    |
736 |     pins = session.clone / "governance" / "deps.yaml"
    |            -------------^^^------------
    |            |               |
    |            |               has type `Literal['governance']`
    |            has type `None`
    |
  Cannot find `__truediv__` or `__rtruediv__`
ERROR Argument `Path | None` is not assignable to parameter `repo` with type `Path` in function `git` [bad-argument-type]
   --> tests/e2e/test_gating_real_suite.py:746:9
    |
746 |     git(session.clone, "add", "governance/deps.yaml")
    |         ^^^^^^^^^^^^^
    |
  The declared type does not allow `None`. Consider narrowing the value with an `is not None` check.
ERROR Argument `Path | None` is not assignable to parameter `repo` with type `Path` in function `git` [bad-argument-type]
   --> tests/e2e/test_gating_real_suite.py:747:9
    |
747 |     git(session.clone, "commit", "-q", "-m", "drop the resolution epoch")
    |         ^^^^^^^^^^^^^
    |
  The declared type does not allow `None`. Consider narrowing the value with an `is not None` check.
ERROR Argument `Path | None` is not assignable to parameter `repo` with type `Path` in function `ranex` [bad-argument-type]
   --> tests/e2e/test_gating_real_suite.py:749:30
    |
749 |         code, _, err = ranex(session.clone, fetch_argv(session.store))
    |                              ^^^^^^^^^^^^^
    |
  The declared type does not allow `None`. Consider narrowing the value with an `is not None` check.
ERROR Argument `Path | None` is not assignable to parameter `store` with type `Path` in function `fetch_argv` [bad-argument-type]
   --> tests/e2e/test_gating_real_suite.py:749:56
    |
749 |         code, _, err = ranex(session.clone, fetch_argv(session.store))
    |                                                        ^^^^^^^^^^^^^
    |
  The declared type does not allow `None`. Consider narrowing the value with an `is not None` check.
ERROR Argument `Path | None` is not assignable to parameter `repo` with type `Path` in function `git` [bad-argument-type]
   --> tests/e2e/test_gating_real_suite.py:753:13
    |
753 |         git(session.clone, "reset", "-q", "--hard", "HEAD^")
    |             ^^^^^^^^^^^^^
    |
  The declared type does not allow `None`. Consider narrowing the value with an `is not None` check.
ERROR Argument `Path | None` is not assignable to parameter `repo` with type `Path` in function `ranex` [bad-argument-type]
   --> tests/e2e/test_gating_real_suite.py:769:28
    |
769 |     code, out, err = ranex(session.clone, fetch_argv(session.store))
    |                            ^^^^^^^^^^^^^
    |
  The declared type does not allow `None`. Consider narrowing the value with an `is not None` check.
ERROR Argument `Path | None` is not assignable to parameter `store` with type `Path` in function `fetch_argv` [bad-argument-type]
   --> tests/e2e/test_gating_real_suite.py:769:54
    |
769 |     code, out, err = ranex(session.clone, fetch_argv(session.store))
    |                                                      ^^^^^^^^^^^^^
    |
  The declared type does not allow `None`. Consider narrowing the value with an `is not None` check.
ERROR Argument `Path | None` is not assignable to parameter `repo` with type `Path` in function `journal_entries` [bad-argument-type]
   --> tests/e2e/test_gating_real_suite.py:775:38
    |
775 |         for entry in journal_entries(session.clone)
    |                                      ^^^^^^^^^^^^^
    |
  The declared type does not allow `None`. Consider narrowing the value with an `is not None` check.
ERROR `/` is not supported between `None` and `Literal['uv.lock']` [unsupported-operation]
   --> tests/e2e/test_gating_real_suite.py:780:10
    |
780 |         (session.clone / "uv.lock").read_bytes()
    |          -------------^^^---------
    |          |               |
    |          |               has type `Literal['uv.lock']`
    |          has type `None`
    |
  Cannot find `__truediv__` or `__rtruediv__`
ERROR `in` is not supported between `Literal['coverage']` and `object` [not-iterable]
   --> tests/e2e/test_gating_real_suite.py:786:16
    |
786 |         assert expected in packages, f"{expected} missing from {sorted(packages)}"
    |                ^^^^^^^^^^^^^^^^^^^^
    |
ERROR `in` is not supported between `Literal['cryptography']` and `object` [not-iterable]
   --> tests/e2e/test_gating_real_suite.py:786:16
    |
786 |         assert expected in packages, f"{expected} missing from {sorted(packages)}"
    |                ^^^^^^^^^^^^^^^^^^^^
    |
ERROR `in` is not supported between `Literal['pytest']` and `object` [not-iterable]
   --> tests/e2e/test_gating_real_suite.py:786:16
    |
786 |         assert expected in packages, f"{expected} missing from {sorted(packages)}"
    |                ^^^^^^^^^^^^^^^^^^^^
    |
ERROR `in` is not supported between `Literal['pyyaml']` and `object` [not-iterable]
   --> tests/e2e/test_gating_real_suite.py:786:16
    |
786 |         assert expected in packages, f"{expected} missing from {sorted(packages)}"
    |                ^^^^^^^^^^^^^^^^^^^^
    |
ERROR Argument `object` is not assignable to parameter `iterable` with type `Iterable[@_]` in function `sorted` [bad-argument-type]
   --> tests/e2e/test_gating_real_suite.py:786:72
    |
786 |         assert expected in packages, f"{expected} missing from {sorted(packages)}"
    |                                                                        ^^^^^^^^
    |
  Protocol `Iterable` requires attribute `__iter__`
ERROR `/` is not supported between `None` and `Literal['sha256']` [unsupported-operation]
   --> tests/e2e/test_gating_real_suite.py:788:21
    |
788 |     entries = list((session.store / "sha256").iterdir())
    |                     -------------^^^--------
    |                     |               |
    |                     |               has type `Literal['sha256']`
    |                     has type `None`
    |
  Cannot find `__truediv__` or `__rtruediv__`
ERROR Argument `object` is not assignable to parameter `obj` with type `Sized` in function `len` [bad-argument-type]
   --> tests/e2e/test_gating_real_suite.py:789:32
    |
789 |     assert len(entries) >= len(packages)
    |                                ^^^^^^^^
    |
  Protocol `Sized` requires attribute `__len__`
ERROR Argument `Path | None` is not assignable to parameter `repo` with type `Path` in function `ranex` [bad-argument-type]
   --> tests/e2e/test_gating_real_suite.py:804:26
    |
804 |     code, _, err = ranex(session.clone, run_argv(session.store), session.key_path)
    |                          ^^^^^^^^^^^^^
    |
  The declared type does not allow `None`. Consider narrowing the value with an `is not None` check.
ERROR Argument `Path | None` is not assignable to parameter `store` with type `Path` in function `run_argv` [bad-argument-type]
   --> tests/e2e/test_gating_real_suite.py:804:50
    |
804 |     code, _, err = ranex(session.clone, run_argv(session.store), session.key_path)
    |                                                  ^^^^^^^^^^^^^
    |
  The declared type does not allow `None`. Consider narrowing the value with an `is not None` check.
ERROR `/` is not supported between `None` and `Literal['governance']` [unsupported-operation]
   --> tests/e2e/test_gating_real_suite.py:807:17
    |
807 |     assert not (session.clone / "governance" / "evidence.json").exists()
    |                 -------------^^^------------
    |                 |               |
    |                 |               has type `Literal['governance']`
    |                 has type `None`
    |
  Cannot find `__truediv__` or `__rtruediv__`
ERROR Argument `Path | None` is not assignable to parameter `repo` with type `Path` in function `ranex` [bad-argument-type]
   --> tests/e2e/test_gating_real_suite.py:817:28
    |
817 |     code, out, err = ranex(session.clone, approve_argv())
    |                            ^^^^^^^^^^^^^
    |
  The declared type does not allow `None`. Consider narrowing the value with an `is not None` check.
ERROR Argument `Path | None` is not assignable to parameter `repo` with type `Path` in function `journal_entries` [bad-argument-type]
   --> tests/e2e/test_gating_real_suite.py:824:38
    |
824 |         for entry in journal_entries(session.clone)
    |                                      ^^^^^^^^^^^^^
    |
  The declared type does not allow `None`. Consider narrowing the value with an `is not None` check.
ERROR `/` is not supported between `None` and `Literal['sha256']` [unsupported-operation]
   --> tests/e2e/test_gating_real_suite.py:844:20
    |
844 |     victim = next((session.store / "sha256").iterdir())
    |                    -------------^^^--------
    |                    |               |
    |                    |               has type `Literal['sha256']`
    |                    has type `None`
    |
  Cannot find `__truediv__` or `__rtruediv__`
ERROR Argument `Path | None` is not assignable to parameter `repo` with type `Path` in function `ranex` [bad-argument-type]
   --> tests/e2e/test_gating_real_suite.py:847:26
    |
847 |     code, _, err = ranex(session.clone, run_argv(session.store), session.key_path)
    |                          ^^^^^^^^^^^^^
    |
  The declared type does not allow `None`. Consider narrowing the value with an `is not None` check.
ERROR Argument `Path | None` is not assignable to parameter `store` with type `Path` in function `run_argv` [bad-argument-type]
   --> tests/e2e/test_gating_real_suite.py:847:50
    |
847 |     code, _, err = ranex(session.clone, run_argv(session.store), session.key_path)
    |                                                  ^^^^^^^^^^^^^
    |
  The declared type does not allow `None`. Consider narrowing the value with an `is not None` check.
ERROR `/` is not supported between `None` and `Literal['governance']` [unsupported-operation]
   --> tests/e2e/test_gating_real_suite.py:851:17
    |
851 |     assert not (session.clone / "governance" / "evidence.json").exists()
    |                 -------------^^^------------
    |                 |               |
    |                 |               has type `Literal['governance']`
    |                 has type `None`
    |
  Cannot find `__truediv__` or `__rtruediv__`
ERROR Argument `Path | None` is not assignable to parameter `repo` with type `Path` in function `ranex` [bad-argument-type]
   --> tests/e2e/test_gating_real_suite.py:854:26
    |
854 |     code, _, err = ranex(session.clone, fetch_argv(session.store))
    |                          ^^^^^^^^^^^^^
    |
  The declared type does not allow `None`. Consider narrowing the value with an `is not None` check.
ERROR Argument `Path | None` is not assignable to parameter `store` with type `Path` in function `fetch_argv` [bad-argument-type]
   --> tests/e2e/test_gating_real_suite.py:854:52
    |
854 |     code, _, err = ranex(session.clone, fetch_argv(session.store))
    |                                                    ^^^^^^^^^^^^^
    |
  The declared type does not allow `None`. Consider narrowing the value with an `is not None` check.
ERROR Argument `Path | None` is not assignable to parameter `repo` with type `Path` in function `ranex` [bad-argument-type]
   --> tests/e2e/test_gating_real_suite.py:876:28
    |
876 |     code, out, err = ranex(session.clone, run_argv(session.store), session.key_path)
    |                            ^^^^^^^^^^^^^
    |
  The declared type does not allow `None`. Consider narrowing the value with an `is not None` check.
ERROR Argument `Path | None` is not assignable to parameter `store` with type `Path` in function `run_argv` [bad-argument-type]
   --> tests/e2e/test_gating_real_suite.py:876:52
    |
876 |     code, out, err = ranex(session.clone, run_argv(session.store), session.key_path)
    |                                                    ^^^^^^^^^^^^^
    |
  The declared type does not allow `None`. Consider narrowing the value with an `is not None` check.
ERROR `/` is not supported between `None` and `Literal['governance']` [unsupported-operation]
   --> tests/e2e/test_gating_real_suite.py:877:21
    |
877 |     evidence_path = session.clone / "governance" / "evidence.json"
    |                     -------------^^^------------
    |                     |               |
    |                     |               has type `Literal['governance']`
    |                     has type `None`
    |
  Cannot find `__truediv__` or `__rtruediv__`
ERROR Argument `Path | None` is not assignable to parameter `repo` with type `Path` in function `ranex` [bad-argument-type]
   --> tests/e2e/test_gating_real_suite.py:899:28
    |
899 |     code, out, err = ranex(session.clone, run_argv(session.store), session.key_path)
    |                            ^^^^^^^^^^^^^
    |
  The declared type does not allow `None`. Consider narrowing the value with an `is not None` check.
ERROR Argument `Path | None` is not assignable to parameter `store` with type `Path` in function `run_argv` [bad-argument-type]
   --> tests/e2e/test_gating_real_suite.py:899:52
    |
899 |     code, out, err = ranex(session.clone, run_argv(session.store), session.key_path)
    |                                                    ^^^^^^^^^^^^^
    |
  The declared type does not allow `None`. Consider narrowing the value with an `is not None` check.
ERROR Argument `Path | None` is not assignable to parameter `repo` with type `Path` in function `record_live_host_qualification` [bad-argument-type]
   --> tests/e2e/test_gating_real_suite.py:907:36
    |
907 |     record_live_host_qualification(session.clone, session.key_path)
    |                                    ^^^^^^^^^^^^^
    |
  The declared type does not allow `None`. Consider narrowing the value with an `is not None` check.
ERROR Argument `Path | None` is not assignable to parameter `key_path` with type `Path` in function `record_live_host_qualification` [bad-argument-type]
   --> tests/e2e/test_gating_real_suite.py:907:51
    |
907 |     record_live_host_qualification(session.clone, session.key_path)
    |                                                   ^^^^^^^^^^^^^^^^
    |
  The declared type does not allow `None`. Consider narrowing the value with an `is not None` check.
ERROR Argument `Path | None` is not assignable to parameter `repo` with type `Path` in function `ranex` [bad-argument-type]
   --> tests/e2e/test_gating_real_suite.py:908:26
    |
908 |     code, out, _ = ranex(session.clone, evaluate_argv())
    |                          ^^^^^^^^^^^^^
    |
  The declared type does not allow `None`. Consider narrowing the value with an `is not None` check.
ERROR `/` is not supported between `None` and `Literal['sha256']` [unsupported-operation]
   --> tests/e2e/test_gating_real_suite.py:928:23
    |
928 |         for entry in (session.store / "sha256").iterdir()
    |                       -------------^^^--------
    |                       |               |
    |                       |               has type `Literal['sha256']`
    |                       has type `None`
    |
  Cannot find `__truediv__` or `__rtruediv__`
ERROR Argument `Path | None` is not assignable to parameter `repo` with type `Path` in function `ranex` [bad-argument-type]
   --> tests/e2e/test_gating_real_suite.py:930:26
    |
930 |     code, _, err = ranex(session.clone, fetch_argv(session.store))
    |                          ^^^^^^^^^^^^^
    |
  The declared type does not allow `None`. Consider narrowing the value with an `is not None` check.
ERROR Argument `Path | None` is not assignable to parameter `store` with type `Path` in function `fetch_argv` [bad-argument-type]
   --> tests/e2e/test_gating_real_suite.py:930:52
    |
930 |     code, _, err = ranex(session.clone, fetch_argv(session.store))
    |                                                    ^^^^^^^^^^^^^
    |
  The declared type does not allow `None`. Consider narrowing the value with an `is not None` check.
ERROR `/` is not supported between `None` and `Literal['sha256']` [unsupported-operation]
   --> tests/e2e/test_gating_real_suite.py:934:23
    |
934 |         for entry in (session.store / "sha256").iterdir()
    |                       -------------^^^--------
    |                       |               |
    |                       |               has type `Literal['sha256']`
    |                       has type `None`
    |
  Cannot find `__truediv__` or `__rtruediv__`
ERROR `/` is not supported between `None` and `Literal['pyproject.toml']` [unsupported-operation]
   --> tests/e2e/test_gating_real_suite.py:953:17
    |
953 |     pyproject = session.clone / "pyproject.toml"
    |                 -------------^^^----------------
    |                 |               |
    |                 |               has type `Literal['pyproject.toml']`
    |                 has type `None`
    |
  Cannot find `__truediv__` or `__rtruediv__`
ERROR Argument `Path | None` is not assignable to parameter `repo` with type `Path` in function `git` [bad-argument-type]
   --> tests/e2e/test_gating_real_suite.py:974:9
    |
974 |     git(session.clone, "add", "pyproject.toml", "uv.lock")
    |         ^^^^^^^^^^^^^
    |
  The declared type does not allow `None`. Consider narrowing the value with an `is not None` check.
ERROR Argument `Path | None` is not assignable to parameter `repo` with type `Path` in function `git` [bad-argument-type]
   --> tests/e2e/test_gating_real_suite.py:975:9
    |
975 |     git(session.clone, "commit", "-q", "-m", "downgrade pyyaml")
    |         ^^^^^^^^^^^^^
    |
  The declared type does not allow `None`. Consider narrowing the value with an `is not None` check.
ERROR Argument `Path | None` is not assignable to parameter `repo` with type `Path` in function `ranex` [bad-argument-type]
   --> tests/e2e/test_gating_real_suite.py:977:30
    |
977 |         code, _, err = ranex(session.clone, fetch_argv(session.store))
    |                              ^^^^^^^^^^^^^
    |
  The declared type does not allow `None`. Consider narrowing the value with an `is not None` check.
ERROR Argument `Path | None` is not assignable to parameter `store` with type `Path` in function `fetch_argv` [bad-argument-type]
   --> tests/e2e/test_gating_real_suite.py:977:56
    |
977 |         code, _, err = ranex(session.clone, fetch_argv(session.store))
    |                                                        ^^^^^^^^^^^^^
    |
  The declared type does not allow `None`. Consider narrowing the value with an `is not None` check.
ERROR Argument `Path | None` is not assignable to parameter `repo` with type `Path` in function `ranex` [bad-argument-type]
   --> tests/e2e/test_gating_real_suite.py:982:13
    |
982 |             session.clone, run_argv(session.store), session.key_path
    |             ^^^^^^^^^^^^^
    |
  The declared type does not allow `None`. Consider narrowing the value with an `is not None` check.
ERROR Argument `Path | None` is not assignable to parameter `store` with type `Path` in function `run_argv` [bad-argument-type]
   --> tests/e2e/test_gating_real_suite.py:982:37
    |
982 |             session.clone, run_argv(session.store), session.key_path
    |                                     ^^^^^^^^^^^^^
    |
  The declared type does not allow `None`. Consider narrowing the value with an `is not None` check.
ERROR Argument `Path | None` is not assignable to parameter `repo` with type `Path` in function `ranex` [bad-argument-type]
   --> tests/e2e/test_gating_real_suite.py:988:32
    |
988 |         code, out, err = ranex(session.clone, approve_argv())
    |                                ^^^^^^^^^^^^^
    |
  The declared type does not allow `None`. Consider narrowing the value with an `is not None` check.
ERROR Argument `Path | None` is not assignable to parameter `repo` with type `Path` in function `git` [bad-argument-type]
   --> tests/e2e/test_gating_real_suite.py:993:13
    |
993 |         git(session.clone, "reset", "-q", "--hard", "HEAD^")
    |             ^^^^^^^^^^^^^
    |
  The declared type does not allow `None`. Consider narrowing the value with an `is not None` check.
ERROR Argument `Path | None` is not assignable to parameter `repo` with type `Path` in function `ranex` [bad-argument-type]
   --> tests/e2e/test_gating_real_suite.py:996:30
    |
996 |         code, _, err = ranex(session.clone, fetch_argv(session.store))
    |                              ^^^^^^^^^^^^^
    |
  The declared type does not allow `None`. Consider narrowing the value with an `is not None` check.
ERROR Argument `Path | None` is not assignable to parameter `store` with type `Path` in function `fetch_argv` [bad-argument-type]
   --> tests/e2e/test_gating_real_suite.py:996:56
    |
996 |         code, _, err = ranex(session.clone, fetch_argv(session.store))
    |                                                        ^^^^^^^^^^^^^
    |
  The declared type does not allow `None`. Consider narrowing the value with an `is not None` check.
ERROR Argument `Path | None` is not assignable to parameter `repo` with type `Path` in function `ranex` [bad-argument-type]
   --> tests/e2e/test_gating_real_suite.py:998:30
    |
998 |         code, _, err = ranex(session.clone, approve_argv())
    |                              ^^^^^^^^^^^^^
    |
  The declared type does not allow `None`. Consider narrowing the value with an `is not None` check.
ERROR `/` is not supported between `None` and `Literal['governance']` [unsupported-operation]
    --> tests/e2e/test_gating_real_suite.py:1034:13
     |
1034 |     gates = session.clone / "governance" / "gates.yaml"
     |             -------------^^^------------
     |             |               |
     |             |               has type `Literal['governance']`
     |             has type `None`
     |
  Cannot find `__truediv__` or `__rtruediv__`
ERROR Argument `Path | None` is not assignable to parameter `repo` with type `Path` in function `git` [bad-argument-type]
    --> tests/e2e/test_gating_real_suite.py:1046:9
     |
1046 |     git(session.clone, "add", "governance/gates.yaml")
     |         ^^^^^^^^^^^^^
     |
  The declared type does not allow `None`. Consider narrowing the value with an `is not None` check.
ERROR Argument `Path | None` is not assignable to parameter `repo` with type `Path` in function `git` [bad-argument-type]
    --> tests/e2e/test_gating_real_suite.py:1047:9
     |
1047 |     git(session.clone, "commit", "-q", "-m", "bind the offline probe")
     |         ^^^^^^^^^^^^^
     |
  The declared type does not allow `None`. Consider narrowing the value with an `is not None` check.
ERROR Argument `Path | None` is not assignable to parameter `repo` with type `Path` in function `ranex` [bad-argument-type]
    --> tests/e2e/test_gating_real_suite.py:1050:13
     |
1050 |             session.clone,
     |             ^^^^^^^^^^^^^
     |
  The declared type does not allow `None`. Consider narrowing the value with an `is not None` check.
ERROR Argument `Path | None` is not assignable to parameter `store` with type `Path` in function `run_argv` [bad-argument-type]
    --> tests/e2e/test_gating_real_suite.py:1052:17
     |
1052 |                 session.store,
     |                 ^^^^^^^^^^^^^
     |
  The declared type does not allow `None`. Consider narrowing the value with an `is not None` check.
ERROR Argument `Path | None` is not assignable to parameter `repo` with type `Path` in function `git` [bad-argument-type]
    --> tests/e2e/test_gating_real_suite.py:1064:13
     |
1064 |         git(session.clone, "reset", "-q", "--hard", "HEAD^")
     |             ^^^^^^^^^^^^^
     |
  The declared type does not allow `None`. Consider narrowing the value with an `is not None` check.
ERROR Argument `object` is not assignable to parameter `obj` with type `Sized` in function `len` [bad-argument-type]
    --> tests/e2e/test_gating_real_suite.py:1153:16
     |
1153 |     assert len(live_manifest["suite"]) >= 687
     |                ^^^^^^^^^^^^^^^^^^^^^^
     |
  Protocol `Sized` requires attribute `__len__`
ERROR Object of class `object` has no attribute `values` [missing-attribute]
    --> tests/e2e/test_gating_real_suite.py:1155:65
     |
1155 |     assert not any("OPENROUTER_API_KEY" in reason for reason in declared_skips.values())
     |                                                                 ^^^^^^^^^^^^^^^^^^^^^
     |
ERROR Type `object` is not iterable [not-iterable]
    --> tests/e2e/test_gating_real_suite.py:1156:65
     |
1156 |     assert not any("first_delegation" in test_id for test_id in declared_skips)
     |                                                                 ^^^^^^^^^^^^^^
     |
ERROR Argument `object` is not assignable to parameter `iterable` with type `Iterable[@_]` in function `set.__init__` [bad-argument-type]
    --> tests/e2e/test_gating_real_suite.py:1157:29
     |
1157 |     declared_skip_ids = set(declared_skips)
     |                             ^^^^^^^^^^^^^^
     |
  Protocol `Iterable` requires attribute `__iter__`
ERROR `in` is not supported between `Literal['tests/contract/test_bom_is_honest.py::test_bom_is_honest']` and `object` [not-iterable]
    --> tests/e2e/test_gating_real_suite.py:1160:12
     |
1160 |     assert missing_id in live_manifest["suite"]
     |            ^^^^^^^^^^^^^^^^^^^^^^^^^^^^^^^^^^^^
     |
ERROR Argument `dict[str, str | dict[str, str | None] | dict[str, int | str] | dict[str, int]]` is not assignable to parameter `host_state` with type `dict[str, object]` in function `qualification_report` [bad-argument-type]
    --> tests/e2e/test_gating_real_suite.py:1285:35
     |
1285 |     report = qualification_report(host_state)
     |                                   ^^^^^^^^^^
     |
ERROR Cannot find module `_prereqs` [missing-import]
  --> tests/e2e/test_host_workflow_real.py:22:8
   |
22 | import _prereqs  # noqa: E402
   |        ^^^^^^^^
   |
  Looked in these locations (from config in `/home/soultransit/devtony/ranex/pyrefly.toml`):
  Import root (inferred from project layout): "/home/soultransit/devtony/ranex/src"
  Site package path queried from interpreter: ["/home/soultransit/.cache/uv/builds-v0/.tmpJv3iQl/lib/python3.14/site-packages", "/home/soultransit/.cache/uv/archive-v0/wQgzUVSOYpP4bAvO/lib/python3.14/site-packages", "/home/soultransit/devtony/ranex/.venv/lib/python3.14/site-packages", "/home/soultransit/devtony/ranex/src"]
ERROR Cannot find module `_prereqs` [missing-import]
  --> tests/e2e/test_journal_verify_real.py:63:8
   |
63 | import _prereqs  # noqa: E402
   |        ^^^^^^^^
   |
  Looked in these locations (from config in `/home/soultransit/devtony/ranex/pyrefly.toml`):
  Import root (inferred from project layout): "/home/soultransit/devtony/ranex/src"
  Site package path queried from interpreter: ["/home/soultransit/.cache/uv/builds-v0/.tmpJv3iQl/lib/python3.14/site-packages", "/home/soultransit/.cache/uv/archive-v0/wQgzUVSOYpP4bAvO/lib/python3.14/site-packages", "/home/soultransit/devtony/ranex/.venv/lib/python3.14/site-packages", "/home/soultransit/devtony/ranex/src"]
ERROR Cannot find module `_prereqs` [missing-import]
  --> tests/e2e/test_keygen_real.py:65:8
   |
65 | import _prereqs  # noqa: E402
   |        ^^^^^^^^
   |
  Looked in these locations (from config in `/home/soultransit/devtony/ranex/pyrefly.toml`):
  Import root (inferred from project layout): "/home/soultransit/devtony/ranex/src"
  Site package path queried from interpreter: ["/home/soultransit/.cache/uv/builds-v0/.tmpJv3iQl/lib/python3.14/site-packages", "/home/soultransit/.cache/uv/archive-v0/wQgzUVSOYpP4bAvO/lib/python3.14/site-packages", "/home/soultransit/devtony/ranex/.venv/lib/python3.14/site-packages", "/home/soultransit/devtony/ranex/src"]
ERROR Cannot find module `_provider_neutral_subject` [missing-import]
  --> tests/e2e/test_provider_neutral_adapter_real.py:9:1
   |
 9 | / from _provider_neutral_subject import (
10 | |     BASE_COMMIT,
11 | |     FOCUSED_TEST,
12 | |     PATCH_COMMIT,
13 | |     assert_nested_hermetic_boundary,
14 | |     environment,
15 | |     git,
16 | |     materialize,
17 | |     nested_hermetic_boundary,
18 | |     run_focused,
19 | | )
   | |_^
   |
  Looked in these locations (from config in `/home/soultransit/devtony/ranex/pyrefly.toml`):
  Import root (inferred from project layout): "/home/soultransit/devtony/ranex/src"
  Site package path queried from interpreter: ["/home/soultransit/.cache/uv/builds-v0/.tmpJv3iQl/lib/python3.14/site-packages", "/home/soultransit/.cache/uv/archive-v0/wQgzUVSOYpP4bAvO/lib/python3.14/site-packages", "/home/soultransit/devtony/ranex/.venv/lib/python3.14/site-packages", "/home/soultransit/devtony/ranex/src"]
ERROR Cannot find module `conftest` [missing-import]
  --> tests/e2e/test_run_produces_evidence.py:29:1
   |
29 | from conftest import Signing, attach, signing_for
   | ^^^^^^^^^^^^^^^^^^^^^^^^^^^^^^^^^^^^^^^^^^^^^^^^^
   |
  Looked in these locations (from config in `/home/soultransit/devtony/ranex/pyrefly.toml`):
  Import root (inferred from project layout): "/home/soultransit/devtony/ranex/src"
  Site package path queried from interpreter: ["/home/soultransit/.cache/uv/builds-v0/.tmpJv3iQl/lib/python3.14/site-packages", "/home/soultransit/.cache/uv/archive-v0/wQgzUVSOYpP4bAvO/lib/python3.14/site-packages", "/home/soultransit/devtony/ranex/.venv/lib/python3.14/site-packages", "/home/soultransit/devtony/ranex/src"]
ERROR Cannot find module `launcher_host` [missing-import]
  --> tests/e2e/test_run_produces_evidence.py:30:1
   |
30 | from launcher_host import build_closure_limitation, userns_limitation
   | ^^^^^^^^^^^^^^^^^^^^^^^^^^^^^^^^^^^^^^^^^^^^^^^^^^^^^^^^^^^^^^^^^^^^^
   |
  Looked in these locations (from config in `/home/soultransit/devtony/ranex/pyrefly.toml`):
  Import root (inferred from project layout): "/home/soultransit/devtony/ranex/src"
  Site package path queried from interpreter: ["/home/soultransit/.cache/uv/builds-v0/.tmpJv3iQl/lib/python3.14/site-packages", "/home/soultransit/.cache/uv/archive-v0/wQgzUVSOYpP4bAvO/lib/python3.14/site-packages", "/home/soultransit/devtony/ranex/.venv/lib/python3.14/site-packages", "/home/soultransit/devtony/ranex/src"]
ERROR Cannot find module `_prereqs` [missing-import]
  --> tests/e2e/test_run_real.py:82:8
   |
82 | import _prereqs  # noqa: E402
   |        ^^^^^^^^
   |
  Looked in these locations (from config in `/home/soultransit/devtony/ranex/pyrefly.toml`):
  Import root (inferred from project layout): "/home/soultransit/devtony/ranex/src"
  Site package path queried from interpreter: ["/home/soultransit/.cache/uv/builds-v0/.tmpJv3iQl/lib/python3.14/site-packages", "/home/soultransit/.cache/uv/archive-v0/wQgzUVSOYpP4bAvO/lib/python3.14/site-packages", "/home/soultransit/devtony/ranex/.venv/lib/python3.14/site-packages", "/home/soultransit/devtony/ranex/src"]
ERROR Cannot find module `conftest` [missing-import]
  --> tests/e2e/test_run_refuses_false_claims.py:18:1
   |
18 | from conftest import Signing, attach, signing_for
   | ^^^^^^^^^^^^^^^^^^^^^^^^^^^^^^^^^^^^^^^^^^^^^^^^^
   |
  Looked in these locations (from config in `/home/soultransit/devtony/ranex/pyrefly.toml`):
  Import root (inferred from project layout): "/home/soultransit/devtony/ranex/src"
  Site package path queried from interpreter: ["/home/soultransit/.cache/uv/builds-v0/.tmpJv3iQl/lib/python3.14/site-packages", "/home/soultransit/.cache/uv/archive-v0/wQgzUVSOYpP4bAvO/lib/python3.14/site-packages", "/home/soultransit/devtony/ranex/.venv/lib/python3.14/site-packages", "/home/soultransit/devtony/ranex/src"]
ERROR Cannot find module `_prereqs` [missing-import]
  --> tests/e2e/test_specification_batch_qualification.py:33:8
   |
33 | import _prereqs
   |        ^^^^^^^^
   |
  Looked in these locations (from config in `/home/soultransit/devtony/ranex/pyrefly.toml`):
  Import root (inferred from project layout): "/home/soultransit/devtony/ranex/src"
  Site package path queried from interpreter: ["/home/soultransit/.cache/uv/builds-v0/.tmpJv3iQl/lib/python3.14/site-packages", "/home/soultransit/.cache/uv/archive-v0/wQgzUVSOYpP4bAvO/lib/python3.14/site-packages", "/home/soultransit/devtony/ranex/.venv/lib/python3.14/site-packages", "/home/soultransit/devtony/ranex/src"]
ERROR Generator function should return `Generator` [bad-return]
   --> tests/e2e/test_specification_batch_qualification.py:378:28
    |
378 | def loopback_sentinel() -> LoopbackSentinel:
    |                            ^^^^^^^^^^^^^^^^
    |
ERROR Cannot index into `object` [bad-index]
    --> tests/e2e/test_specification_batch_qualification.py:1913:25
     |
1913 |         "batch_digest": qualification["payload"]["batch_digest"],
     |                         ^^^^^^^^^^^^^^^^^^^^^^^^^^^^^^^^^^^^^^^^
     |
  Object of class `object` has no attribute `__getitem__`
ERROR Cannot index into `object` [bad-index]
    --> tests/e2e/test_specification_batch_qualification.py:1914:33
     |
1914 |         "child_results_digest": qualification["payload"]["child_results_digest"],
     |                                 ^^^^^^^^^^^^^^^^^^^^^^^^^^^^^^^^^^^^^^^^^^^^^^^^
     |
  Object of class `object` has no attribute `__getitem__`
ERROR Cannot index into `object` [bad-index]
    --> tests/e2e/test_specification_batch_qualification.py:1915:20
     |
1915 |         "journal": qualification["payload"]["qualification_journal"],
     |                    ^^^^^^^^^^^^^^^^^^^^^^^^^^^^^^^^^^^^^^^^^^^^^^^^^
     |
  Object of class `object` has no attribute `__getitem__`
ERROR Cannot index into `object` [bad-index]
    --> tests/e2e/test_specification_batch_qualification.py:2137:12
     |
2137 |     assert qualification["payload"]["qualification_journal"]["head"] == head
     |            ^^^^^^^^^^^^^^^^^^^^^^^^^^^^^^^^^^^^^^^^^^^^^^^^^
     |
  Object of class `object` has no attribute `__getitem__`
ERROR Cannot find module `_prereqs` [missing-import]
  --> tests/e2e/test_suite_freeze_real.py:65:8
   |
65 | import _prereqs  # noqa: E402
   |        ^^^^^^^^
   |
  Looked in these locations (from config in `/home/soultransit/devtony/ranex/pyrefly.toml`):
  Import root (inferred from project layout): "/home/soultransit/devtony/ranex/src"
  Site package path queried from interpreter: ["/home/soultransit/.cache/uv/builds-v0/.tmpJv3iQl/lib/python3.14/site-packages", "/home/soultransit/.cache/uv/archive-v0/wQgzUVSOYpP4bAvO/lib/python3.14/site-packages", "/home/soultransit/devtony/ranex/.venv/lib/python3.14/site-packages", "/home/soultransit/devtony/ranex/src"]
ERROR Argument `None` is not assignable to parameter `committed_bytes` with type `bytes` in function `FreezeJourney.__init__` [bad-argument-type]
   --> tests/e2e/test_suite_freeze_real.py:185:83
    |
185 |             boundary=True, frozen_line=None, produced_bytes=None, committed_bytes=None
    |                                                                                   ^^^^
    |
ERROR Argument `bytes | None` is not assignable to parameter `produced` with type `bytes` in function `_drift_report` [bad-argument-type]
   --> tests/e2e/test_suite_freeze_real.py:429:23
    |
429 |         _drift_report(journey.produced_bytes, journey.committed_bytes)
    |                       ^^^^^^^^^^^^^^^^^^^^^^
    |
  The declared type does not allow `None`. Consider narrowing the value with an `is not None` check.
ERROR Cannot find module `_prereqs` [missing-import]
  --> tests/e2e/test_task_real.py:89:8
   |
89 | import _prereqs  # noqa: E402
   |        ^^^^^^^^
   |
  Looked in these locations (from config in `/home/soultransit/devtony/ranex/pyrefly.toml`):
  Import root (inferred from project layout): "/home/soultransit/devtony/ranex/src"
  Site package path queried from interpreter: ["/home/soultransit/.cache/uv/builds-v0/.tmpJv3iQl/lib/python3.14/site-packages", "/home/soultransit/.cache/uv/archive-v0/wQgzUVSOYpP4bAvO/lib/python3.14/site-packages", "/home/soultransit/devtony/ranex/.venv/lib/python3.14/site-packages", "/home/soultransit/devtony/ranex/src"]
ERROR Cannot find module `launcher_host` [missing-import]
  --> tests/integration/test_approved_batch_qualification_contract.py:20:1
   |
20 | from launcher_host import require_unprivileged_userns
   | ^^^^^^^^^^^^^^^^^^^^^^^^^^^^^^^^^^^^^^^^^^^^^^^^^^^^^
   |
  Looked in these locations (from config in `/home/soultransit/devtony/ranex/pyrefly.toml`):
  Import root (inferred from project layout): "/home/soultransit/devtony/ranex/src"
  Site package path queried from interpreter: ["/home/soultransit/.cache/uv/builds-v0/.tmpJv3iQl/lib/python3.14/site-packages", "/home/soultransit/.cache/uv/archive-v0/wQgzUVSOYpP4bAvO/lib/python3.14/site-packages", "/home/soultransit/devtony/ranex/.venv/lib/python3.14/site-packages", "/home/soultransit/devtony/ranex/src"]
ERROR Cannot index into `object` [bad-index]
   --> tests/integration/test_approved_batch_qualification_contract.py:756:16
    |
756 |     assert set(overlap[0]["scope"]["roots"]) & set(
    |                ^^^^^^^^^^^^^^^^^^^^^^^^^^^^
    |
  Object of class `object` has no attribute `__getitem__`
ERROR Cannot index into `object` [bad-index]
   --> tests/integration/test_approved_batch_qualification_contract.py:757:9
    |
757 |         overlap[1]["scope"]["roots"]
    |         ^^^^^^^^^^^^^^^^^^^^^^^^^^^^
    |
  Object of class `object` has no attribute `__getitem__`
ERROR Cannot index into `object` [bad-index]
   --> tests/integration/test_approved_batch_qualification_contract.py:759:12
    |
759 |     assert overlap[0]["invocation"]["runtime_input_path"] != overlap[1][
    |            ^^^^^^^^^^^^^^^^^^^^^^^^^^^^^^^^^^^^^^^^^^^^^^
    |
  Object of class `object` has no attribute `__getitem__`
ERROR Cannot index into `object` [bad-index]
   --> tests/integration/test_approved_batch_qualification_contract.py:759:62
    |
759 |       assert overlap[0]["invocation"]["runtime_input_path"] != overlap[1][
    |  ______________________________________________________________^
760 | |         "invocation"
761 | |     ]["runtime_input_path"]
    | |___________________________^
    |
  Object of class `object` has no attribute `__getitem__`
ERROR Cannot index into `object` [bad-index]
   --> tests/integration/test_approved_batch_qualification_contract.py:762:12
    |
762 |     assert network[0]["runtime_input"]["mode"] == "network-control"
    |            ^^^^^^^^^^^^^^^^^^^^^^^^^^^^^^^^^^^
    |
  Object of class `object` has no attribute `__getitem__`
ERROR Cannot index into `object` [bad-index]
   --> tests/integration/test_approved_batch_qualification_contract.py:763:12
    |
763 |     assert survivor[0]["runtime_input"]["mode"] == "survivor"
    |            ^^^^^^^^^^^^^^^^^^^^^^^^^^^^^^^^^^^^
    |
  Object of class `object` has no attribute `__getitem__`
ERROR Cannot index into `object` [bad-index]
   --> tests/integration/test_approved_batch_qualification_contract.py:764:12
    |
764 |     assert mismatch[2]["runtime_input"]["mode"] == "oracle-mismatch"
    |            ^^^^^^^^^^^^^^^^^^^^^^^^^^^^^^^^^^^^
    |
  Object of class `object` has no attribute `__getitem__`
ERROR Cannot index into `object` [bad-index]
   --> tests/integration/test_approved_batch_qualification_contract.py:767:12
    |
767 |     assert input_mismatch[0]["invocation"]["runtime_input_path"] == (
    |            ^^^^^^^^^^^^^^^^^^^^^^^^^^^^^^^^^^^^^^^^^^^^^^^^^^^^^
    |
  Object of class `object` has no attribute `__getitem__`
ERROR Cannot index into `object` [bad-index]
   --> tests/integration/test_approved_batch_qualification_contract.py:772:16
    |
772 |         assert row["invocation"]["runtime_input_path"] == (
    |                ^^^^^^^^^^^^^^^^^^^^^^^^^^^^^^^^^^^^^^^
    |
  Object of class `object` has no attribute `__getitem__`
ERROR Cannot index into `object` [bad-index]
   --> tests/integration/test_approved_batch_qualification_contract.py:837:12
    |
837 |     assert network[0]["checks"][0]["command"] == [
    |            ^^^^^^^^^^^^^^^^^^^^^^^
    |
  Object of class `object` has no attribute `__getitem__`
ERROR Object of class `object` has no attribute `head` [missing-attribute]
    --> tests/integration/test_approved_batch_qualification_contract.py:1040:9
     |
1040 |         value.head for kind, value in outcomes if kind == "accepted"
     |         ^^^^^^^^^^
     |
ERROR Argument `dict[str, object | str]` is not assignable to parameter `identities` with type `dict[str, str]` in function `ranex.governed_execution.application.specification_batch.BatchQualificationRecord.__init__` [bad-argument-type]
   --> tests/integration/test_batch_verify_contract.py:141:39
    |
141 |     record = BatchQualificationRecord(identities, child_results_digest, "owner")
    |                                       ^^^^^^^^^^
    |
ERROR Object of class `object` has no attribute `startswith` [missing-attribute]
   --> tests/integration/test_batch_verify_contract.py:272:12
    |
272 |     assert facts["child_results_digest"].startswith("sha256:")
    |            ^^^^^^^^^^^^^^^^^^^^^^^^^^^^^^^^^^^^^^^^
    |
ERROR Argument `object` is not assignable to parameter `candidate` with type `str` in function `ranex.governed_execution.application.specification_batch.verify_publication_refusal` [bad-argument-type]
   --> tests/integration/test_batch_verify_contract.py:285:23
    |
285 |             candidate=facts["base_commit"],
    |                       ^^^^^^^^^^^^^^^^^^^^
    |
ERROR Argument `object` is not assignable to parameter `args` with type `PathLike[bytes] | PathLike[str] | Sequence[StrOrBytesPath] | bytes | str` in function `subprocess.CompletedProcess.__init__` [bad-argument-type]
   --> tests/integration/test_delegation_command.py:101:40
    |
101 |     return subprocess.CompletedProcess(_args[0], 0, "", "")
    |                                        ^^^^^^^^
    |
  Protocol `PathLike` requires attribute `__fspath__`
ERROR Argument `tuple[object, ...]` is not assignable to parameter `args` with type `PathLike[bytes] | PathLike[str] | Sequence[StrOrBytesPath] | bytes | str` in function `subprocess.CompletedProcess.__init__` [bad-argument-type]
   --> tests/integration/test_delegation_command.py:132:44
    |
132 |         return subprocess.CompletedProcess(arguments, 0, f"{tree}\n", "")
    |                                            ^^^^^^^^^
    |
  Protocol `PathLike` requires attribute `__fspath__`
ERROR Argument `tuple[object, ...]` is not assignable to parameter `args` with type `PathLike[bytes] | PathLike[str] | Sequence[StrOrBytesPath] | bytes | str` in function `subprocess.CompletedProcess.__init__` [bad-argument-type]
   --> tests/integration/test_delegation_command.py:613:48
    |
613 |             return subprocess.CompletedProcess(arguments, 0, "tree-id\n", "")
    |                                                ^^^^^^^^^
    |
  Protocol `PathLike` requires attribute `__fspath__`
ERROR Argument `tuple[object, ...]` is not assignable to parameter `args` with type `PathLike[bytes] | PathLike[str] | Sequence[StrOrBytesPath] | bytes | str` in function `subprocess.CompletedProcess.__init__` [bad-argument-type]
   --> tests/integration/test_delegation_command.py:615:48
    |
615 |             return subprocess.CompletedProcess(arguments, 0, "tree-id\n", "")
    |                                                ^^^^^^^^^
    |
  Protocol `PathLike` requires attribute `__fspath__`
ERROR Argument `tuple[object, ...]` is not assignable to parameter `args` with type `PathLike[bytes] | PathLike[str] | Sequence[StrOrBytesPath] | bytes | str` in function `subprocess.CompletedProcess.__init__` [bad-argument-type]
   --> tests/integration/test_delegation_command.py:616:44
    |
616 |         return subprocess.CompletedProcess(arguments, 0, "", "")
    |                                            ^^^^^^^^^
    |
  Protocol `PathLike` requires attribute `__fspath__`
ERROR Argument `tuple[object, ...]` is not assignable to parameter `args` with type `PathLike[bytes] | PathLike[str] | Sequence[StrOrBytesPath] | bytes | str` in function `subprocess.CompletedProcess.__init__` [bad-argument-type]
   --> tests/integration/test_delegation_command.py:676:48
    |
676 |             return subprocess.CompletedProcess(arguments, 0, "tree-emitted\n", "")
    |                                                ^^^^^^^^^
    |
  Protocol `PathLike` requires attribute `__fspath__`
ERROR Argument `tuple[object, ...]` is not assignable to parameter `args` with type `PathLike[bytes] | PathLike[str] | Sequence[StrOrBytesPath] | bytes | str` in function `subprocess.CompletedProcess.__init__` [bad-argument-type]
   --> tests/integration/test_delegation_command.py:678:48
    |
678 |             return subprocess.CompletedProcess(arguments, 0, "tree-base\n", "")
    |                                                ^^^^^^^^^
    |
  Protocol `PathLike` requires attribute `__fspath__`
ERROR Argument `tuple[object, ...]` is not assignable to parameter `args` with type `PathLike[bytes] | PathLike[str] | Sequence[StrOrBytesPath] | bytes | str` in function `subprocess.CompletedProcess.__init__` [bad-argument-type]
   --> tests/integration/test_delegation_command.py:679:44
    |
679 |         return subprocess.CompletedProcess(arguments, 0, "", "")
    |                                            ^^^^^^^^^
    |
  Protocol `PathLike` requires attribute `__fspath__`
ERROR Argument `tuple[object, ...]` is not assignable to parameter `args` with type `PathLike[bytes] | PathLike[str] | Sequence[StrOrBytesPath] | bytes | str` in function `subprocess.CompletedProcess.__init__` [bad-argument-type]
   --> tests/integration/test_delegation_command.py:743:48
    |
743 |             return subprocess.CompletedProcess(arguments, 0, "tree-dispatched\n", "")
    |                                                ^^^^^^^^^
    |
  Protocol `PathLike` requires attribute `__fspath__`
ERROR Argument `tuple[object, ...]` is not assignable to parameter `args` with type `PathLike[bytes] | PathLike[str] | Sequence[StrOrBytesPath] | bytes | str` in function `subprocess.CompletedProcess.__init__` [bad-argument-type]
   --> tests/integration/test_delegation_command.py:745:48
    |
745 |             return subprocess.CompletedProcess(arguments, 0, "tree-base\n", "")
    |                                                ^^^^^^^^^
    |
  Protocol `PathLike` requires attribute `__fspath__`
ERROR Argument `tuple[object, ...]` is not assignable to parameter `args` with type `PathLike[bytes] | PathLike[str] | Sequence[StrOrBytesPath] | bytes | str` in function `subprocess.CompletedProcess.__init__` [bad-argument-type]
   --> tests/integration/test_delegation_command.py:746:44
    |
746 |         return subprocess.CompletedProcess(arguments, 0, "", "")
    |                                            ^^^^^^^^^
    |
  Protocol `PathLike` requires attribute `__fspath__`
ERROR Argument `tuple[object, ...]` is not assignable to parameter `args` with type `PathLike[bytes] | PathLike[str] | Sequence[StrOrBytesPath] | bytes | str` in function `subprocess.CompletedProcess.__init__` [bad-argument-type]
   --> tests/integration/test_delegation_command.py:794:48
    |
794 |             return subprocess.CompletedProcess(arguments, 1, "", "bad emitted")
    |                                                ^^^^^^^^^
    |
  Protocol `PathLike` requires attribute `__fspath__`
ERROR Argument `tuple[object, ...]` is not assignable to parameter `args` with type `PathLike[bytes] | PathLike[str] | Sequence[StrOrBytesPath] | bytes | str` in function `subprocess.CompletedProcess.__init__` [bad-argument-type]
   --> tests/integration/test_delegation_command.py:796:48
    |
796 |             return subprocess.CompletedProcess(arguments, 0, "base-tree\n", "")
    |                                                ^^^^^^^^^
    |
  Protocol `PathLike` requires attribute `__fspath__`
ERROR Argument `tuple[object, ...]` is not assignable to parameter `args` with type `PathLike[bytes] | PathLike[str] | Sequence[StrOrBytesPath] | bytes | str` in function `subprocess.CompletedProcess.__init__` [bad-argument-type]
   --> tests/integration/test_delegation_command.py:797:44
    |
797 |         return subprocess.CompletedProcess(arguments, 0, "", "")
    |                                            ^^^^^^^^^
    |
  Protocol `PathLike` requires attribute `__fspath__`
ERROR Argument `tuple[object, ...]` is not assignable to parameter `args` with type `PathLike[bytes] | PathLike[str] | Sequence[StrOrBytesPath] | bytes | str` in function `subprocess.CompletedProcess.__init__` [bad-argument-type]
   --> tests/integration/test_delegation_command.py:843:48
    |
843 |             return subprocess.CompletedProcess(arguments, 0, "emitted-tree\n", "")
    |                                                ^^^^^^^^^
    |
  Protocol `PathLike` requires attribute `__fspath__`
ERROR Argument `tuple[object, ...]` is not assignable to parameter `args` with type `PathLike[bytes] | PathLike[str] | Sequence[StrOrBytesPath] | bytes | str` in function `subprocess.CompletedProcess.__init__` [bad-argument-type]
   --> tests/integration/test_delegation_command.py:845:48
    |
845 |             return subprocess.CompletedProcess(arguments, 1, "", "bad base")
    |                                                ^^^^^^^^^
    |
  Protocol `PathLike` requires attribute `__fspath__`
ERROR Argument `tuple[object, ...]` is not assignable to parameter `args` with type `PathLike[bytes] | PathLike[str] | Sequence[StrOrBytesPath] | bytes | str` in function `subprocess.CompletedProcess.__init__` [bad-argument-type]
   --> tests/integration/test_delegation_command.py:846:44
    |
846 |         return subprocess.CompletedProcess(arguments, 0, "", "")
    |                                            ^^^^^^^^^
    |
  Protocol `PathLike` requires attribute `__fspath__`
ERROR Argument `tuple[list[str], object, object]` is not assignable to parameter `object` with type `tuple[list[str], Path, dict[str, str]]` in function `list.append` [bad-argument-type]
   --> tests/integration/test_delegation_command.py:990:25
    |
990 |         captured.append((args, kwargs["cwd"], kwargs["env"]))
    |                         ^^^^^^^^^^^^^^^^^^^^^^^^^^^^^^^^^^^^
    |
ERROR Argument `dict[str, list[str]]` is not assignable to parameter `manifest` with type `dict[str, object]` in function `ranex.cli.delegation._run_suite_with_results` [bad-argument-type]
    --> tests/integration/test_delegation_command.py:1067:18
     |
1067 |         manifest=manifest,
     |                  ^^^^^^^^
     |
ERROR Cannot index into `object` [bad-index]
    --> tests/integration/test_delegation_command.py:1081:17
     |
1081 |         "PATH": observed["environment"]["PATH"],
     |                 ^^^^^^^^^^^^^^^^^^^^^^^^^^^^^^^
     |
  Object of class `object` has no attribute `__getitem__`
ERROR Returned type `dict[str, list[str]]` is not assignable to declared return type `dict[str, object]` [bad-return]
    --> tests/integration/test_delegation_command.py:1206:16
     |
1204 |     def fake_load_manifest(source: bytes) -> dict[str, object]:
     |                                              ----------------- declared return type
1205 |         calls["manifest_source"] = source
1206 |         return manifest
     |                ^^^^^^^^
     |
ERROR Returned type `tuple[Literal[0], Literal['suite output'], dict[str, dict[str, int]]]` is not assignable to declared return type `tuple[int, str, dict[str, object]]` [bad-return]
    --> tests/integration/test_delegation_command.py:1210:16
     |
1208 |     def fake_results_suite(**kwargs: object) -> tuple[int, str, dict[str, object]]:
     |                                                 ---------------------------------- declared return type
1209 |         calls["suite"] = kwargs
1210 |         return 0, "suite output", suite_results
     |                ^^^^^^^^^^^^^^^^^^^^^^^^^^^^^^^^
     |
ERROR `>=` is not supported between `object` and `object` [unsupported-operation]
    --> tests/integration/test_delegation_command.py:1789:12
     |
1789 |     assert second_call["entered"] >= first_call["exited"]
     |            ----------------------^^^^--------------------
     |            |                         |
     |            |                         has type `object`
     |            has type `object`
     |
  Cannot find `__ge__` or `__le__`
ERROR Object of class `TimeoutExpired` has no attribute `returncode` [missing-attribute]
    --> tests/integration/test_delegation_command.py:2457:5
     |
2457 |     timeout.returncode = 9
     |     ^^^^^^^^^^^^^^^^^^
     |
ERROR Class member `Handler.log_message` overrides parent class `BaseHTTPRequestHandler` in an inconsistent manner [bad-override-param-name]
  --> tests/integration/test_deps_commands.py:84:13
   |
84 |         def log_message(self, _format: str, *args: object) -> None:
   |             ^^^^^^^^^^^
   |
  Got parameter name `_format`, expected `format`
ERROR Cannot find module `_github_fake` [missing-import]
  --> tests/integration/test_github_client.py:17:8
   |
17 | import _github_fake
   |        ^^^^^^^^^^^^
   |
  Looked in these locations (from config in `/home/soultransit/devtony/ranex/pyrefly.toml`):
  Import root (inferred from project layout): "/home/soultransit/devtony/ranex/src"
  Site package path queried from interpreter: ["/home/soultransit/.cache/uv/builds-v0/.tmpJv3iQl/lib/python3.14/site-packages", "/home/soultransit/.cache/uv/archive-v0/wQgzUVSOYpP4bAvO/lib/python3.14/site-packages", "/home/soultransit/devtony/ranex/.venv/lib/python3.14/site-packages", "/home/soultransit/devtony/ranex/src"]
ERROR Cannot find module `_github_fake` [missing-import]
  --> tests/integration/test_github_webhook.py:17:8
   |
17 | import _github_fake
   |        ^^^^^^^^^^^^
   |
  Looked in these locations (from config in `/home/soultransit/devtony/ranex/pyrefly.toml`):
  Import root (inferred from project layout): "/home/soultransit/devtony/ranex/src"
  Site package path queried from interpreter: ["/home/soultransit/.cache/uv/builds-v0/.tmpJv3iQl/lib/python3.14/site-packages", "/home/soultransit/.cache/uv/archive-v0/wQgzUVSOYpP4bAvO/lib/python3.14/site-packages", "/home/soultransit/devtony/ranex/.venv/lib/python3.14/site-packages", "/home/soultransit/devtony/ranex/src"]
ERROR Argument `bytearray | bytes | str` is not assignable to parameter `host` with type `str` in function `http.client.HTTPConnection.__init__` [bad-argument-type]
   --> tests/integration/test_github_webhook.py:181:53
    |
181 |             connection = http.client.HTTPConnection(host, port, timeout=10)
    |                                                     ^^^^
    |
ERROR Argument `object` is not assignable to parameter `encoding` with type `str | None` in function `pathlib.Path.read_text` [bad-argument-type]
   --> tests/integration/test_host_workflow.py:364:41
    |
364 |         return original_read_text(path, *args, **kwargs)
    |                                         ^^^^^
    |
ERROR Argument `object` is not assignable to parameter `errors` with type `str | None` in function `pathlib.Path.read_text` [bad-argument-type]
   --> tests/integration/test_host_workflow.py:364:41
    |
364 |         return original_read_text(path, *args, **kwargs)
    |                                         ^^^^^
    |
ERROR Argument `object` is not assignable to parameter `newline` with type `str | None` in function `pathlib.Path.read_text` [bad-argument-type]
   --> tests/integration/test_host_workflow.py:364:41
    |
364 |         return original_read_text(path, *args, **kwargs)
    |                                         ^^^^^
    |
ERROR Argument `dict[str, str | dict[str, str]]` is not assignable to parameter `report` with type `dict[str, object]` in function `ranex.cli.host_workflow.write_run_report` [bad-argument-type]
   --> tests/integration/test_host_workflow.py:442:55
    |
442 |     assert host_workflow.write_run_report(result_dir, report) == result_dir / "host-run-report.json"
    |                                                       ^^^^^^
    |
ERROR Cannot index into `object` [bad-index]
   --> tests/integration/test_host_workflow.py:528:12
    |
528 |     assert _report(tmp_path / "fallback")["scope"]["cgroup_relative_path"] == "/"
    |            ^^^^^^^^^^^^^^^^^^^^^^^^^^^^^^^^^^^^^^^^^^^^^^^^^^^^^^^^^^^^^^^
    |
  Object of class `object` has no attribute `__getitem__`
ERROR Argument `dict[str, int | str | None]` is not assignable to parameter `evidence_document` with type `dict[str, object]` in function `RealMergeAttempt.__init__` [bad-argument-type]
   --> tests/integration/test_journal.py:287:63
    |
287 |         return RealMergeAttempt(task_id, candidate, approval, evidence_document)
    |                                                               ^^^^^^^^^^^^^^^^^
    |
ERROR Unpacked keyword argument `object` is not assignable to parameter `text` with type `bool` in function `ranex.cli.repository.git` [bad-argument-type]
   --> tests/integration/test_journal.py:670:56
    |
670 |         result = real_git(repository_root, *arguments, **kwargs)
    |                                                        ^^^^^^^^
    |
ERROR Unpacked keyword argument `object` is not assignable to parameter `overrides` with type `Mapping[str, str] | None` in function `ranex.cli.repository.git` [bad-argument-type]
   --> tests/integration/test_journal.py:670:56
    |
670 |         result = real_git(repository_root, *arguments, **kwargs)
    |                                                        ^^^^^^^^
    |
ERROR Cannot find module `test_task_merge` [missing-import]
    --> tests/integration/test_journal.py:1066:5
     |
1066 |     from test_task_merge import merge_args, prepare
     |     ^^^^^^^^^^^^^^^^^^^^^^^^^^^^^^^^^^^^^^^^^^^^^^^
     |
  Looked in these locations (from config in `/home/soultransit/devtony/ranex/pyrefly.toml`):
  Import root (inferred from project layout): "/home/soultransit/devtony/ranex/src"
  Site package path queried from interpreter: ["/home/soultransit/.cache/uv/builds-v0/.tmpJv3iQl/lib/python3.14/site-packages", "/home/soultransit/.cache/uv/archive-v0/wQgzUVSOYpP4bAvO/lib/python3.14/site-packages", "/home/soultransit/devtony/ranex/.venv/lib/python3.14/site-packages", "/home/soultransit/devtony/ranex/src"]
ERROR Unpacked keyword argument `object` is not assignable to parameter `text` with type `bool` in function `ranex.cli.repository.git` [bad-argument-type]
    --> tests/integration/test_journal.py:1098:54
     |
1098 |         return real_git(repository_root, *arguments, **kwargs)
     |                                                      ^^^^^^^^
     |
ERROR Unpacked keyword argument `object` is not assignable to parameter `overrides` with type `Mapping[str, str] | None` in function `ranex.cli.repository.git` [bad-argument-type]
    --> tests/integration/test_journal.py:1098:54
     |
1098 |         return real_git(repository_root, *arguments, **kwargs)
     |                                                      ^^^^^^^^
     |
ERROR Cannot find module `launcher_host` [missing-import]
  --> tests/integration/test_slice017_native_launcher.py:37:1
   |
37 | from launcher_host import build_closure_limitation, require_pinned_build_closure
   | ^^^^^^^^^^^^^^^^^^^^^^^^^^^^^^^^^^^^^^^^^^^^^^^^^^^^^^^^^^^^^^^^^^^^^^^^^^^^^^^^
   |
  Looked in these locations (from config in `/home/soultransit/devtony/ranex/pyrefly.toml`):
  Import root (inferred from project layout): "/home/soultransit/devtony/ranex/src"
  Site package path queried from interpreter: ["/home/soultransit/.cache/uv/builds-v0/.tmpJv3iQl/lib/python3.14/site-packages", "/home/soultransit/.cache/uv/archive-v0/wQgzUVSOYpP4bAvO/lib/python3.14/site-packages", "/home/soultransit/devtony/ranex/.venv/lib/python3.14/site-packages", "/home/soultransit/devtony/ranex/src"]
ERROR Argument `bytearray` is not assignable to parameter `data` with type `bytes` in function `_sha256_bytes` [bad-argument-type]
   --> tests/integration/test_slice017_native_launcher.py:706:60
    |
706 |     _manifest_artifact(manifest)["sha256"] = _sha256_bytes(changed)
    |                                                            ^^^^^^^
    |
ERROR Argument `object` is not assignable to parameter `obj` with type `Array[Any] | CFuncPtr | Structure | Union | _CData | _Pointer[Any] | _SimpleCData[Any]` in function `_ctypes.byref` [bad-argument-type]
   --> tests/integration/test_slice017_native_launcher.py:729:39
    |
729 |         else ctypes.cast(ctypes.byref(data), ctypes.c_void_p)
    |                                       ^^^^
    |
ERROR Cannot find module `launcher_host` [missing-import]
  --> tests/integration/test_slice018_confinement_session.py:16:1
   |
16 | from launcher_host import require_pinned_build_closure
   | ^^^^^^^^^^^^^^^^^^^^^^^^^^^^^^^^^^^^^^^^^^^^^^^^^^^^^^
   |
  Looked in these locations (from config in `/home/soultransit/devtony/ranex/pyrefly.toml`):
  Import root (inferred from project layout): "/home/soultransit/devtony/ranex/src"
  Site package path queried from interpreter: ["/home/soultransit/.cache/uv/builds-v0/.tmpJv3iQl/lib/python3.14/site-packages", "/home/soultransit/.cache/uv/archive-v0/wQgzUVSOYpP4bAvO/lib/python3.14/site-packages", "/home/soultransit/devtony/ranex/.venv/lib/python3.14/site-packages", "/home/soultransit/devtony/ranex/src"]
ERROR Argument `object` is not assignable to parameter `s` with type `bytearray | bytes | str` in function `json.loads` [bad-argument-type]
  --> tests/integration/test_slice018_confinement_session.py:92:26
   |
92 |     decoded = json.loads(raw)
   |                          ^^^
   |
ERROR Argument `object` is not assignable to parameter `encoding` with type `str | None` in function `pathlib.Path.read_text` [bad-argument-type]
   --> tests/integration/test_slice018_confinement_session.py:172:41
    |
172 |         return original_read_text(path, *args, **kwargs)
    |                                         ^^^^^
    |
ERROR Argument `object` is not assignable to parameter `errors` with type `str | None` in function `pathlib.Path.read_text` [bad-argument-type]
   --> tests/integration/test_slice018_confinement_session.py:172:41
    |
172 |         return original_read_text(path, *args, **kwargs)
    |                                         ^^^^^
    |
ERROR Argument `object` is not assignable to parameter `newline` with type `str | None` in function `pathlib.Path.read_text` [bad-argument-type]
   --> tests/integration/test_slice018_confinement_session.py:172:41
    |
172 |         return original_read_text(path, *args, **kwargs)
    |                                         ^^^^^
    |
ERROR Argument `object` is not assignable to parameter `encoding` with type `str | None` in function `pathlib.Path.read_text` [bad-argument-type]
   --> tests/integration/test_slice018_confinement_session.py:183:41
    |
183 |         return original_read_text(path, *args, **kwargs)
    |                                         ^^^^^
    |
ERROR Argument `object` is not assignable to parameter `errors` with type `str | None` in function `pathlib.Path.read_text` [bad-argument-type]
   --> tests/integration/test_slice018_confinement_session.py:183:41
    |
183 |         return original_read_text(path, *args, **kwargs)
    |                                         ^^^^^
    |
ERROR Argument `object` is not assignable to parameter `newline` with type `str | None` in function `pathlib.Path.read_text` [bad-argument-type]
   --> tests/integration/test_slice018_confinement_session.py:183:41
    |
183 |         return original_read_text(path, *args, **kwargs)
    |                                         ^^^^^
    |
ERROR No matching overload found for function `typing.MutableMapping.update` called with arguments: (dict[str, object]) [no-matching-overload]
   --> tests/integration/test_slice070_strict_local_io_contract.py:145:17
    |
145 |     value.update(overrides)
    |                 ^^^^^^^^^^^
    |
  Possible overloads:
    (m: SupportsKeysAndGetItem[str, list[str] | str | dict[str, str] | dict[str, int]], /) -> None [closest match]
    (m: SupportsKeysAndGetItem[str, list[str] | str | dict[str, str] | dict[str, int]], /, ...) -> None
    (m: Iterable[tuple[str, list[str] | str | dict[str, str] | dict[str, int]]], /) -> None
    (m: Iterable[tuple[str, list[str] | str | dict[str, str] | dict[str, int]]], /, ...) -> None
    (**kwargs: list[str] | str | dict[str, str] | dict[str, int]) -> None
  Argument `dict[str, object]` is not assignable to parameter `m` with type `SupportsKeysAndGetItem[str, list[str] | str | dict[str, str] | dict[str, int]]` in function `typing.MutableMapping.update`
ERROR Returned type `dict[str, list[dict[str, dict[str, object] | str]] | list[str] | str | dict[str, int | str] | dict[str, str]]` is not assignable to declared return type `dict[str, object]` [bad-return]
  --> tests/integration/test_slice072_dynamic_runtime_contract.py:96:12
   |
96 |     return value
   |            ^^^^^
   |
  ::: tests/integration/test_slice072_dynamic_runtime_contract.py:57:20
   |
57 | def _manifest() -> dict[str, object]:
   |                    ----------------- declared return type
   |
ERROR Expected a callable, got `object` [not-callable]
   --> tests/integration/test_slice072_dynamic_runtime_contract.py:264:5
    |
264 |     mutation(value)
    |     ^^^^^^^^
    |
ERROR Expected a callable, got `object` [not-callable]
   --> tests/integration/test_slice072_dynamic_runtime_contract.py:304:5
    |
304 |     mutate(value)
    |     ^^^^^^
    |
ERROR Cannot index into `object` [bad-index]
   --> tests/integration/test_slice072_dynamic_runtime_contract.py:324:5
    |
324 |     value["files"][0]["elf"][tag] = "forbidden"
    |     ^^^^^^^^^^^^^^^^^
    |
  Object of class `object` has no attribute `__getitem__`
ERROR No matching overload found for function `dict.__init__` called with arguments: (object) [no-matching-overload]
   --> tests/integration/test_slice072_dynamic_runtime_contract.py:724:28
    |
724 |     runtime_expected = dict(value["runtime_closure"])
    |                            ^^^^^^^^^^^^^^^^^^^^^^^^^^
    |
  Possible overloads:
    () -> None
    (**kwargs: _VT) -> None
    (map: SupportsKeysAndGetItem[_KT, _VT], /) -> None [closest match]
    (map: SupportsKeysAndGetItem[str, _VT], /, ...) -> None
    (iterable: Iterable[tuple[_KT, _VT]], /) -> None
    (iterable: Iterable[tuple[str, _VT]], /, **kwargs: _VT) -> None
    (iterable: Iterable[list[str]], /) -> None
    (iterable: Iterable[list[bytes]], /) -> None
  Argument `object` is not assignable to parameter `map` with type `SupportsKeysAndGetItem[@_, @_]` in function `dict.__init__`
ERROR No matching overload found for function `dict.__init__` called with arguments: (object) [no-matching-overload]
   --> tests/integration/test_slice072_dynamic_runtime_contract.py:727:32
    |
727 |         "profile_digests": dict(value["profile_digests"]),
    |                                ^^^^^^^^^^^^^^^^^^^^^^^^^^
    |
  Possible overloads:
    () -> None
    (**kwargs: _VT) -> None
    (map: SupportsKeysAndGetItem[_KT, _VT], /) -> None [closest match]
    (map: SupportsKeysAndGetItem[str, _VT], /, ...) -> None
    (iterable: Iterable[tuple[_KT, _VT]], /) -> None
    (iterable: Iterable[tuple[str, _VT]], /, **kwargs: _VT) -> None
    (iterable: Iterable[list[str]], /) -> None
    (iterable: Iterable[list[bytes]], /) -> None
  Argument `object` is not assignable to parameter `map` with type `SupportsKeysAndGetItem[@_, @_]` in function `dict.__init__`
ERROR Cannot index into `object` [bad-index]
   --> tests/integration/test_slice072_dynamic_runtime_contract.py:728:24
    |
728 |         "argv_digest": value["command"]["argv_digest"],
    |                        ^^^^^^^^^^^^^^^^^^^^^^^^^^^^^^^
    |
  Object of class `object` has no attribute `__getitem__`
ERROR Cannot index into `object` [bad-index]
   --> tests/integration/test_slice072_dynamic_runtime_contract.py:729:31
    |
729 |         "cgroup_limits": dict(value["cgroup_readbacks"]["limits"]),
    |                               ^^^^^^^^^^^^^^^^^^^^^^^^^^^^^^^^^^^
    |
  Object of class `object` has no attribute `__getitem__`
ERROR No matching overload found for function `dict.__init__` called with arguments: (object) [no-matching-overload]
   --> tests/integration/test_slice072_dynamic_runtime_contract.py:730:36
    |
730 |         "namespace_readbacks": dict(value["namespace_readbacks"]),
    |                                    ^^^^^^^^^^^^^^^^^^^^^^^^^^^^^^
    |
  Possible overloads:
    () -> None
    (**kwargs: _VT) -> None
    (map: SupportsKeysAndGetItem[_KT, _VT], /) -> None [closest match]
    (map: SupportsKeysAndGetItem[str, _VT], /, ...) -> None
    (iterable: Iterable[tuple[_KT, _VT]], /) -> None
    (iterable: Iterable[tuple[str, _VT]], /, **kwargs: _VT) -> None
    (iterable: Iterable[list[str]], /) -> None
    (iterable: Iterable[list[bytes]], /) -> None
  Argument `object` is not assignable to parameter `map` with type `SupportsKeysAndGetItem[@_, @_]` in function `dict.__init__`
ERROR Object of class `bool` has no attribute `schema` [missing-attribute]
   --> tests/integration/test_slice072_dynamic_runtime_contract.py:848:12
    |
848 |     assert parsed_v3.schema == "ranex-strict-local-runtime-v3"
    |            ^^^^^^^^^^^^^^^^
    |
ERROR Cannot index into `object` [bad-index]
  --> tests/integration/test_specification_cli.py:20:24
   |
20 |         "base_digest": triple["c_payload"]["base_digest"],
   |                        ^^^^^^^^^^^^^^^^^^^^^^^^^^^^^^^^^^
   |
  Object of class `object` has no attribute `__getitem__`
ERROR No matching overload found for function `dict.__init__` called with arguments: (object) [no-matching-overload]
  --> tests/integration/test_specification_cli.py:63:19
   |
63 |     payload = dict(triple["c_payload"])
   |                   ^^^^^^^^^^^^^^^^^^^^^
   |
  Possible overloads:
    () -> None
    (**kwargs: _VT) -> None
    (map: SupportsKeysAndGetItem[_KT, _VT], /) -> None [closest match]
    (map: SupportsKeysAndGetItem[str, _VT], /, ...) -> None
    (iterable: Iterable[tuple[_KT, _VT]], /) -> None
    (iterable: Iterable[tuple[str, _VT]], /, **kwargs: _VT) -> None
    (iterable: Iterable[list[str]], /) -> None
    (iterable: Iterable[list[bytes]], /) -> None
  Argument `object` is not assignable to parameter `map` with type `SupportsKeysAndGetItem[@_, @_]` in function `dict.__init__`
ERROR Returned type `tuple[dict[str, object], dict[str, object], dict[str, str]]` is not assignable to declared return type `tuple[dict[str, object], dict[str, object], dict[str, object]]` [bad-return]
  --> tests/integration/test_specification_cli.py:65:12
   |
61 | def _approval_payload(public_key: str) -> tuple[dict[str, object], dict[str, object], dict[str, object]]:
   |                                           -------------------------------------------------------------- declared return type
62 |     triple = _triple()
63 |     payload = dict(triple["c_payload"])
64 |     payload["key"] = public_key
65 |     return dict(triple["a"]), dict(triple["b"]), payload
   |            ^^^^^^^^^^^^^^^^^^^^^^^^^^^^^^^^^^^^^^^^^^^^^
   |
ERROR No matching overload found for function `dict.__init__` called with arguments: (object) [no-matching-overload]
  --> tests/integration/test_specification_cli.py:65:16
   |
65 |     return dict(triple["a"]), dict(triple["b"]), payload
   |                ^^^^^^^^^^^^^
   |
  Possible overloads:
    () -> None
    (**kwargs: _VT) -> None
    (map: SupportsKeysAndGetItem[_KT, _VT], /) -> None [closest match]
    (map: SupportsKeysAndGetItem[str, _VT], /, ...) -> None
    (iterable: Iterable[tuple[_KT, _VT]], /) -> None
    (iterable: Iterable[tuple[str, _VT]], /, **kwargs: _VT) -> None
    (iterable: Iterable[list[str]], /) -> None
    (iterable: Iterable[list[bytes]], /) -> None
  Argument `object` is not assignable to parameter `map` with type `SupportsKeysAndGetItem[@_, @_]` in function `dict.__init__`
ERROR No matching overload found for function `dict.__init__` called with arguments: (object) [no-matching-overload]
  --> tests/integration/test_specification_cli.py:65:35
   |
65 |     return dict(triple["a"]), dict(triple["b"]), payload
   |                                   ^^^^^^^^^^^^^
   |
  Possible overloads:
    () -> None
    (**kwargs: _VT) -> None
    (map: SupportsKeysAndGetItem[_KT, _VT], /) -> None [closest match]
    (map: SupportsKeysAndGetItem[str, _VT], /, ...) -> None
    (iterable: Iterable[tuple[_KT, _VT]], /) -> None
    (iterable: Iterable[tuple[str, _VT]], /, **kwargs: _VT) -> None
    (iterable: Iterable[list[str]], /) -> None
    (iterable: Iterable[list[bytes]], /) -> None
  Argument `object` is not assignable to parameter `map` with type `SupportsKeysAndGetItem[@_, @_]` in function `dict.__init__`
ERROR Object of class `object` has no attribute `digest` [missing-attribute]
  --> tests/integration/test_specification_revocation.py:87:31
   |
87 |         previous_event_digest=grandchild_issued.digest,
   |                               ^^^^^^^^^^^^^^^^^^^^^^^^
   |
ERROR Object of class `object` has no attribute `grant_id` [missing-attribute]
  --> tests/integration/test_specification_revocation.py:89:12
   |
89 |     assert child_issued.grant_id == child.grant_id
   |            ^^^^^^^^^^^^^^^^^^^^^
   |
ERROR Object of class `object` has no attribute `parent_grant_id` [missing-attribute]
  --> tests/integration/test_specification_revocation.py:90:12
   |
90 |     assert child_issued.parent_grant_id == root.grant_id
   |            ^^^^^^^^^^^^^^^^^^^^^^^^^^^^
   |
ERROR Object of class `object` has no attribute `grant_id` [missing-attribute]
  --> tests/integration/test_specification_revocation.py:91:12
   |
91 |     assert grandchild_issued.grant_id == grandchild.grant_id
   |            ^^^^^^^^^^^^^^^^^^^^^^^^^^
   |
ERROR Object of class `object` has no attribute `parent_grant_id` [missing-attribute]
  --> tests/integration/test_specification_revocation.py:92:12
   |
92 |     assert grandchild_issued.parent_grant_id == child.grant_id
   |            ^^^^^^^^^^^^^^^^^^^^^^^^^^^^^^^^^
   |
ERROR Argument `tuple[SpecificationEvent, object, object, SpecificationEvent]` is not assignable to parameter `events_prefix` with type `tuple[SpecificationEvent, ...]` in function `ranex.governed_execution.domain.specification_events.evaluate_use` [bad-argument-type]
  --> tests/integration/test_specification_revocation.py:93:25
   |
93 |     assert evaluate_use((root_issued, child_issued, grandchild_issued, revoke), grandchild, 5).valid is False
   |                         ^^^^^^^^^^^^^^^^^^^^^^^^^^^^^^^^^^^^^^^^^^^^^^^^^^^^^^
   |
ERROR Argument `tuple[SpecificationEvent, object, object, SpecificationEvent, SpecificationEvent]` is not assignable to parameter `events_prefix` with type `tuple[SpecificationEvent, ...]` in function `ranex.governed_execution.domain.specification_events.evaluate_use` [bad-argument-type]
  --> tests/integration/test_specification_revocation.py:98:25
   |
98 |     assert evaluate_use((root_issued, child_issued, grandchild_issued, revoke, approval_revoke), grandchild, 6).valid is False
   |                         ^^^^^^^^^^^^^^^^^^^^^^^^^^^^^^^^^^^^^^^^^^^^^^^^^^^^^^^^^^^^^^^^^^^^^^^
   |
ERROR Returned type `tuple[dict[str, dict[Unknown, Unknown] | int | list[str] | list[Unknown] | str | dict[str, str] | dict[str, list[str] | list[Unknown]]], dict[str, list[Unknown] | str | dict[str, list[dict[str, str | Unknown]] | list[Unknown] | dict[str, list[str]]]], dict[str, str | dict[str, int | str | dict[str, str] | dict[str, list[str] | str | dict[str, bool] | dict[str, bool | list[Unknown]] | dict[str, bool | int] | dict[str, list[Unknown]]] | dict[str, int] | None]]]` is not assignable to declared return type `tuple[dict[str, object], dict[str, object], dict[str, object]]` [bad-return]
  --> tests/integration/test_specification_verification.py:56:12
   |
56 |     return a, b, envelope
   |            ^^^^^^^^^^^^^^
   |
  ::: tests/integration/test_specification_verification.py:41:45
   |
41 | def _triple(base: Path, candidate: Path) -> tuple[dict[str, object], dict[str, object], dict[str, object]]:
   |                                             -------------------------------------------------------------- declared return type
   |
ERROR Argument `dict[str, str]` is not assignable to parameter `approval_document` with type `dict[str, object]` in function `RealAttempt.__init__` [bad-argument-type]
   --> tests/integration/test_task_merge_real_flows.py:338:9
    |
338 |         approval_document,
    |         ^^^^^^^^^^^^^^^^^
    |
ERROR Argument `tuple[RealAttempt, ...]` is not assignable to parameter `attempts` with type `tuple[RealAttempt, RealAttempt, RealAttempt]` in function `run_concurrent_merges` [bad-argument-type]
    --> tests/integration/test_task_merge_real_flows.py:1154:56
     |
1154 |         results = run_concurrent_merges(scenario.repo, attempts)
     |                                                        ^^^^^^^^
     |
ERROR Cannot find module `test_task_merge_real_flows` [missing-import]
 --> tests/integration/test_task_merge_worktree_coherence.py:9:1
  |
9 | from test_task_merge_real_flows import RealAttempt, RealRepository, dispatch_judge, git, invoke
  | ^^^^^^^^^^^^^^^^^^^^^^^^^^^^^^^^^^^^^^^^^^^^^^^^^^^^^^^^^^^^^^^^^^^^^^^^^^^^^^^^^^^^^^^^^^^^^^^
  |
  Looked in these locations (from config in `/home/soultransit/devtony/ranex/pyrefly.toml`):
  Import root (inferred from project layout): "/home/soultransit/devtony/ranex/src"
  Site package path queried from interpreter: ["/home/soultransit/.cache/uv/builds-v0/.tmpJv3iQl/lib/python3.14/site-packages", "/home/soultransit/.cache/uv/archive-v0/wQgzUVSOYpP4bAvO/lib/python3.14/site-packages", "/home/soultransit/devtony/ranex/.venv/lib/python3.14/site-packages", "/home/soultransit/devtony/ranex/src"]
ERROR Argument `str | None` is not assignable to parameter `*args` with type `PathLike[str] | str` in function `pathlib.Path.__new__` [bad-argument-type]
  --> tests/security/test_evidence_trust_root.py:59:23
   |
59 | EXECUTABLE = str(Path(shutil.which("sh")).resolve())
   |                       ^^^^^^^^^^^^^^^^^^
   |
  Protocol `PathLike` requires attribute `__fspath__`
  The declared type does not allow `None`. Consider narrowing the value with an `is not None` check.
ERROR Argument `str | None` is not assignable to parameter `*args` with type `PathLike[str] | str` in function `pathlib.Path.__new__` [bad-argument-type]
  --> tests/security/test_executable_path_confinement.py:49:24
   |
49 | RESOLVED_SH = str(Path(shutil.which("sh")).resolve())
   |                        ^^^^^^^^^^^^^^^^^^
   |
  Protocol `PathLike` requires attribute `__fspath__`
  The declared type does not allow `None`. Consider narrowing the value with an `is not None` check.
ERROR Cannot find module `test_slice010_the_kernel_merges` [missing-import]
 --> tests/security/test_git_backed_materialisation.py:9:1
  |
9 | from test_slice010_the_kernel_merges import TARGET_REF, MergeScenario, assert_refused
  | ^^^^^^^^^^^^^^^^^^^^^^^^^^^^^^^^^^^^^^^^^^^^^^^^^^^^^^^^^^^^^^^^^^^^^^^^^^^^^^^^^^^^^
  |
  Looked in these locations (from config in `/home/soultransit/devtony/ranex/pyrefly.toml`):
  Import root (inferred from project layout): "/home/soultransit/devtony/ranex/src"
  Site package path queried from interpreter: ["/home/soultransit/.cache/uv/builds-v0/.tmpJv3iQl/lib/python3.14/site-packages", "/home/soultransit/.cache/uv/archive-v0/wQgzUVSOYpP4bAvO/lib/python3.14/site-packages", "/home/soultransit/devtony/ranex/.venv/lib/python3.14/site-packages", "/home/soultransit/devtony/ranex/src"]
ERROR Cannot find module `test_slice010_the_kernel_merges` [missing-import]
  --> tests/security/test_git_backed_materialisation.py:10:1
   |
10 | from test_slice010_the_kernel_merges import git as merge_git
   | ^^^^^^^^^^^^^^^^^^^^^^^^^^^^^^^^^^^^^^^^^^^^^^^^^^^^^^^^^^^^
   |
  Looked in these locations (from config in `/home/soultransit/devtony/ranex/pyrefly.toml`):
  Import root (inferred from project layout): "/home/soultransit/devtony/ranex/src"
  Site package path queried from interpreter: ["/home/soultransit/.cache/uv/builds-v0/.tmpJv3iQl/lib/python3.14/site-packages", "/home/soultransit/.cache/uv/archive-v0/wQgzUVSOYpP4bAvO/lib/python3.14/site-packages", "/home/soultransit/devtony/ranex/.venv/lib/python3.14/site-packages", "/home/soultransit/devtony/ranex/src"]
ERROR Unpacked keyword argument `object` is not assignable to parameter `text` with type `bool` in function `ranex.cli.repository.git` [bad-argument-type]
   --> tests/security/test_git_backed_materialisation.py:267:38
    |
267 |         return git(path, *arguments, **kwargs)
    |                                      ^^^^^^^^
    |
ERROR Unpacked keyword argument `object` is not assignable to parameter `overrides` with type `Mapping[str, str] | None` in function `ranex.cli.repository.git` [bad-argument-type]
   --> tests/security/test_git_backed_materialisation.py:267:38
    |
267 |         return git(path, *arguments, **kwargs)
    |                                      ^^^^^^^^
    |
ERROR Unpacked keyword argument `object` is not assignable to parameter `text` with type `bool` in function `ranex.cli.repository.git` [bad-argument-type]
   --> tests/security/test_git_backed_materialisation.py:285:38
    |
285 |         return git(path, *arguments, **kwargs)
    |                                      ^^^^^^^^
    |
ERROR Unpacked keyword argument `object` is not assignable to parameter `overrides` with type `Mapping[str, str] | None` in function `ranex.cli.repository.git` [bad-argument-type]
   --> tests/security/test_git_backed_materialisation.py:285:38
    |
285 |         return git(path, *arguments, **kwargs)
    |                                      ^^^^^^^^
    |
ERROR Unpacked keyword argument `object` is not assignable to parameter `text` with type `bool` in function `ranex.cli.repository.git` [bad-argument-type]
   --> tests/security/test_git_backed_materialisation.py:303:38
    |
303 |         return git(path, *arguments, **kwargs)
    |                                      ^^^^^^^^
    |
ERROR Unpacked keyword argument `object` is not assignable to parameter `overrides` with type `Mapping[str, str] | None` in function `ranex.cli.repository.git` [bad-argument-type]
   --> tests/security/test_git_backed_materialisation.py:303:38
    |
303 |         return git(path, *arguments, **kwargs)
    |                                      ^^^^^^^^
    |
ERROR Cannot find module `_github_fake` [missing-import]
  --> tests/security/test_github_publisher_fail_closed.py:16:8
   |
16 | import _github_fake
   |        ^^^^^^^^^^^^
   |
  Looked in these locations (from config in `/home/soultransit/devtony/ranex/pyrefly.toml`):
  Import root (inferred from project layout): "/home/soultransit/devtony/ranex/src"
  Site package path queried from interpreter: ["/home/soultransit/.cache/uv/builds-v0/.tmpJv3iQl/lib/python3.14/site-packages", "/home/soultransit/.cache/uv/archive-v0/wQgzUVSOYpP4bAvO/lib/python3.14/site-packages", "/home/soultransit/devtony/ranex/.venv/lib/python3.14/site-packages", "/home/soultransit/devtony/ranex/src"]
ERROR Cannot find module `_github_fake` [missing-import]
  --> tests/security/test_github_receiver_refusals.py:14:8
   |
14 | import _github_fake
   |        ^^^^^^^^^^^^
   |
  Looked in these locations (from config in `/home/soultransit/devtony/ranex/pyrefly.toml`):
  Import root (inferred from project layout): "/home/soultransit/devtony/ranex/src"
  Site package path queried from interpreter: ["/home/soultransit/.cache/uv/builds-v0/.tmpJv3iQl/lib/python3.14/site-packages", "/home/soultransit/.cache/uv/archive-v0/wQgzUVSOYpP4bAvO/lib/python3.14/site-packages", "/home/soultransit/devtony/ranex/.venv/lib/python3.14/site-packages", "/home/soultransit/devtony/ranex/src"]
ERROR Argument `str | None` is not assignable to parameter `*args` with type `PathLike[str] | str` in function `pathlib.Path.__new__` [bad-argument-type]
  --> tests/security/test_slice002_defects.py:58:23
   |
58 | EXECUTABLE = str(Path(shutil.which("sh")).resolve())
   |                       ^^^^^^^^^^^^^^^^^^
   |
  Protocol `PathLike` requires attribute `__fspath__`
  The declared type does not allow `None`. Consider narrowing the value with an `is not None` check.
ERROR Argument `str | None` is not assignable to parameter `*args` with type `PathLike[str] | str` in function `pathlib.Path.__new__` [bad-argument-type]
  --> tests/security/test_slice002_trust_root_reopened.py:75:23
   |
75 | EXECUTABLE = str(Path(shutil.which("sh")).resolve())
   |                       ^^^^^^^^^^^^^^^^^^
   |
  Protocol `PathLike` requires attribute `__fspath__`
  The declared type does not allow `None`. Consider narrowing the value with an `is not None` check.
ERROR Argument `str | None` is not assignable to parameter `*args` with type `PathLike[str] | str` in function `pathlib.Path.__new__` [bad-argument-type]
  --> tests/security/test_slice003_audit_defects.py:46:24
   |
46 | RESOLVED_SH = str(Path(shutil.which("sh")).resolve())
   |                        ^^^^^^^^^^^^^^^^^^
   |
  Protocol `PathLike` requires attribute `__fspath__`
  The declared type does not allow `None`. Consider narrowing the value with an `is not None` check.
ERROR Argument `str | None` is not assignable to parameter `tool` with type `str` in function `bind_mounted_argv` [bad-argument-type]
   --> tests/security/test_slice003_bind_mount_identity.py:336:27
    |
336 |         bind_mounted_argv(BIND_MOUNT_TOOL, inside, outside / "pytest", wrapped),
    |                           ^^^^^^^^^^^^^^^
    |
  The declared type does not allow `None`. Consider narrowing the value with an `is not None` check.
ERROR Argument `str | None` is not assignable to parameter `*args` with type `PathLike[str] | str` in function `pathlib.Path.__new__` [bad-argument-type]
  --> tests/security/test_slice003_command_binding.py:60:23
   |
60 | EXECUTABLE = str(Path(shutil.which("sh")).resolve())
   |                       ^^^^^^^^^^^^^^^^^^
   |
  Protocol `PathLike` requires attribute `__fspath__`
  The declared type does not allow `None`. Consider narrowing the value with an `is not None` check.
ERROR Argument `SimpleNamespace` is not assignable to parameter `preliminary` with type `Resolution | None` in function `ranex.cli.main._execute_hermetically` [bad-argument-type]
   --> tests/security/test_slice004_hermetic_observation.py:342:13
    |
342 |             resolution,
    |             ^^^^^^^^^^
    |
ERROR Argument `SimpleNamespace` is not assignable to parameter `preliminary` with type `Resolution | None` in function `ranex.cli.main._execute_hermetically` [bad-argument-type]
   --> tests/security/test_slice004_hermetic_observation.py:373:13
    |
373 |             resolution,
    |             ^^^^^^^^^^
    |
ERROR Argument `SimpleNamespace` is not assignable to parameter `preliminary` with type `Resolution | None` in function `ranex.cli.main._execute_hermetically` [bad-argument-type]
   --> tests/security/test_slice004_hermetic_observation.py:410:13
    |
410 |             resolution,
    |             ^^^^^^^^^^
    |
ERROR No matching overload found for function `shutil._RmtreeType.__call__` called with arguments: (Path | str, **dict[str, object]) [no-matching-overload]
   --> tests/security/test_slice004_hermetic_observation.py:864:20
    |
864 |         real_rmtree(root, **kwargs)
    |                    ^^^^^^^^^^^^^^^^
    |
  Possible overloads:
    (path: StrOrBytesPath, ignore_errors: bool, onerror: (((...) -> Any, str, tuple[type[BaseException], BaseException, TracebackType]) -> object) | None, *, onexc: None = None, dir_fd: int | None = None) -> None
    (path: StrOrBytesPath, ignore_errors: bool = False, *, onerror: (((...) -> Any, str, tuple[type[BaseException], BaseException, TracebackType]) -> object) | None, onexc: None = None, dir_fd: int | None = None) -> None
    (path: StrOrBytesPath, ignore_errors: bool = False, *, onexc: (((...) -> Any, str, BaseException) -> object) | None = None, dir_fd: int | None = None) -> None [closest match]
  Unpacked keyword argument `object` is not assignable to parameter `ignore_errors` with type `bool` in function `shutil._RmtreeType.__call__`
  Unpacked keyword argument `object` is not assignable to parameter `onexc` with type `(((...) -> Any, str, BaseException) -> object) | None` in function `shutil._RmtreeType.__call__`
  Unpacked keyword argument `object` is not assignable to parameter `dir_fd` with type `int | None` in function `shutil._RmtreeType.__call__`
ERROR Argument `str | None` is not assignable to parameter `*args` with type `PathLike[str] | str` in function `pathlib.Path.__new__` [bad-argument-type]
   --> tests/security/test_slice004_hermetic_observation.py:899:25
    |
899 |     real_git = str(Path(shutil.which("git")).resolve())
    |                         ^^^^^^^^^^^^^^^^^^^
    |
  Protocol `PathLike` requires attribute `__fspath__`
  The declared type does not allow `None`. Consider narrowing the value with an `is not None` check.
ERROR Argument `str | None` is not assignable to parameter `*args` with type `PathLike[str] | str` in function `pathlib.Path.__new__` [bad-argument-type]
   --> tests/security/test_slice004_hermetic_observation.py:963:25
    |
963 |     real_git = str(Path(shutil.which("git")).resolve())
    |                         ^^^^^^^^^^^^^^^^^^^
    |
  Protocol `PathLike` requires attribute `__fspath__`
  The declared type does not allow `None`. Consider narrowing the value with an `is not None` check.
ERROR Class member `Handler.log_message` overrides parent class `BaseHTTPRequestHandler` in an inconsistent manner [bad-override-param-name]
   --> tests/security/test_slice006_approved_wheel_can_lie.py:166:13
    |
166 |         def log_message(self, _format: str, *args: object) -> None:
    |             ^^^^^^^^^^^
    |
  Got parameter name `_format`, expected `format`
ERROR Argument `str | None` is not assignable to parameter `*args` with type `PathLike[str] | str` in function `pathlib.Path.__new__` [bad-argument-type]
   --> tests/security/test_slice006_dependency_provisioning.py:212:41
    |
212 |             resolver_digest=sha256(Path(resolver_path).read_bytes()),
    |                                         ^^^^^^^^^^^^^
    |
  Protocol `PathLike` requires attribute `__fspath__`
  The declared type does not allow `None`. Consider narrowing the value with an `is not None` check.
ERROR Cannot index into `object` [bad-index]
   --> tests/security/test_slice006_dependency_provisioning.py:618:16
    |
618 |         assert evidence[0]["exit_code"] == 0
    |                ^^^^^^^^^^^
    |
  Object of class `object` has no attribute `__getitem__`
ERROR Object of class `object` has no attribute `pop` [missing-attribute]
   --> tests/security/test_slice008_execute_attest_separation.py:942:17
    |
942 |     signature = record.pop("signature")
    |                 ^^^^^^^^^^
    |
ERROR Argument `object` is not assignable to parameter `iterable` with type `Iterable[@_]` in function `set.__init__` [bad-argument-type]
   --> tests/security/test_slice008_execute_attest_separation.py:943:16
    |
943 |     assert set(record) == set(SIGNED_FIELDS)
    |                ^^^^^^
    |
  Protocol `Iterable` requires attribute `__iter__`
ERROR Argument `object` is not assignable to parameter `content` with type `Mapping[str, Any]` in function `ranex.foundation.signing.verify_evidence` [bad-argument-type]
   --> tests/security/test_slice008_execute_attest_separation.py:945:28
    |
945 |     assert verify_evidence(record, signature, public) is False
    |                            ^^^^^^
    |
ERROR Cannot index into `object` [bad-index]
   --> tests/security/test_slice008_execute_attest_separation.py:947:13
    |
947 |     scans = findings["theft"]["scans"]
    |             ^^^^^^^^^^^^^^^^^^^^^^^^^^
    |
  Object of class `object` has no attribute `__getitem__`
ERROR Object of class `object` has no attribute `split` [missing-attribute]
    --> tests/security/test_slice008_execute_attest_separation.py:1282:57
     |
1282 |             emitted_worktree=tmp_path / f"worktree-{int(payload['task_id'].split('-')[-1])}",
     |                                                         ^^^^^^^^^^^^^^^^^^^^^^^^
     |
ERROR Expected a callable, got `object` [not-callable]
   --> tests/security/test_slice010_the_kernel_merges.py:405:23
    |
405 |     document[field] = replacement(scenario)
    |                       ^^^^^^^^^^^
    |
ERROR Expected a callable, got `object` [not-callable]
   --> tests/security/test_slice010_the_kernel_merges.py:430:23
    |
430 |     envelope[field] = replacement(scenario)
    |                       ^^^^^^^^^^^
    |
ERROR Cannot find module `launcher_host` [missing-import]
  --> tests/security/test_slice017_host_qualification.py:35:1
   |
35 | / from launcher_host import (
36 | |     require_delegated_userns_selftest,
37 | |     require_pinned_build_closure,
38 | |     require_unprivileged_userns,
39 | | )
   | |_^
   |
  Looked in these locations (from config in `/home/soultransit/devtony/ranex/pyrefly.toml`):
  Import root (inferred from project layout): "/home/soultransit/devtony/ranex/src"
  Site package path queried from interpreter: ["/home/soultransit/.cache/uv/builds-v0/.tmpJv3iQl/lib/python3.14/site-packages", "/home/soultransit/.cache/uv/archive-v0/wQgzUVSOYpP4bAvO/lib/python3.14/site-packages", "/home/soultransit/devtony/ranex/.venv/lib/python3.14/site-packages", "/home/soultransit/devtony/ranex/src"]
ERROR `marker` may be uninitialized [unbound-name]
   --> tests/security/test_slice017_host_qualification.py:776:46
    |
776 |             on_unit_started(_await_probe_pid(marker, broker))
    |                                              ^^^^^^
    |
ERROR Object of class `NoneType` has no attribute `touch` [missing-attribute]
   --> tests/security/test_slice017_host_qualification.py:777:13
    |
777 |             release.touch()
    |             ^^^^^^^^^^^^^
    |
ERROR Cannot index into `object` [bad-index]
   --> tests/security/test_slice046_cmd_run_confinement.py:258:35
    |
258 |     assert record["exit_code"] == _result(7)["command"]["exit_code"]
    |                                   ^^^^^^^^^^^^^^^^^^^^^^^^^^^^^^^^^^
    |
  Object of class `object` has no attribute `__getitem__`
ERROR Cannot find module `launcher_host` [missing-import]
 --> tests/security/test_slice071_host_probe_serialization.py:9:1
  |
9 | from launcher_host import require_unprivileged_userns
  | ^^^^^^^^^^^^^^^^^^^^^^^^^^^^^^^^^^^^^^^^^^^^^^^^^^^^^
  |
  Looked in these locations (from config in `/home/soultransit/devtony/ranex/pyrefly.toml`):
  Import root (inferred from project layout): "/home/soultransit/devtony/ranex/src"
  Site package path queried from interpreter: ["/home/soultransit/.cache/uv/builds-v0/.tmpJv3iQl/lib/python3.14/site-packages", "/home/soultransit/.cache/uv/archive-v0/wQgzUVSOYpP4bAvO/lib/python3.14/site-packages", "/home/soultransit/devtony/ranex/.venv/lib/python3.14/site-packages", "/home/soultransit/devtony/ranex/src"]
ERROR Cannot index into `object` [bad-index]
  --> tests/security/test_slice072_dynamic_runtime_security.py:56:12
   |
56 |     assert verifier["argv"] == [
   |            ^^^^^^^^^^^^^^^^
   |
  Object of class `object` has no attribute `__getitem__`
ERROR Cannot index into `object` [bad-index]
  --> tests/security/test_slice072_dynamic_runtime_security.py:66:12
   |
66 |     assert verifier["report_bytes_per_root_maximum"] == 65536
   |            ^^^^^^^^^^^^^^^^^^^^^^^^^^^^^^^^^^^^^^^^^
   |
  Object of class `object` has no attribute `__getitem__`
ERROR Cannot index into `object` [bad-index]
  --> tests/security/test_slice072_dynamic_runtime_security.py:67:12
   |
67 |     assert verifier["acknowledgement"] == ["GO", "REFUSE"]
   |            ^^^^^^^^^^^^^^^^^^^^^^^^^^^
   |
  Object of class `object` has no attribute `__getitem__`
ERROR Cannot index into `object` [bad-index]
  --> tests/security/test_slice072_dynamic_runtime_security.py:68:12
   |
68 |     assert verifier["acknowledgement_uses"] == 1
   |            ^^^^^^^^^^^^^^^^^^^^^^^^^^^^^^^^
   |
  Object of class `object` has no attribute `__getitem__`
ERROR Cannot index into `object` [bad-index]
  --> tests/security/test_slice072_dynamic_runtime_security.py:69:12
   |
69 |     assert verifier["host_root"] == "absent"
   |            ^^^^^^^^^^^^^^^^^^^^^
   |
  Object of class `object` has no attribute `__getitem__`
ERROR Cannot index into `object` [bad-index]
  --> tests/security/test_slice072_dynamic_runtime_security.py:70:12
   |
70 |     assert verifier["secrets"] == "none"
   |            ^^^^^^^^^^^^^^^^^^^
   |
  Object of class `object` has no attribute `__getitem__`
ERROR Cannot index into `object` [bad-index]
  --> tests/security/test_slice072_dynamic_runtime_security.py:71:12
   |
71 |     assert verifier["network"] == "denied"
   |            ^^^^^^^^^^^^^^^^^^^
   |
  Object of class `object` has no attribute `__getitem__`
ERROR Cannot index into `object` [bad-index]
  --> tests/security/test_slice072_dynamic_runtime_security.py:72:12
   |
72 |     assert verifier["filesystem"] == {"runtime": ["read", "execute"]}
   |            ^^^^^^^^^^^^^^^^^^^^^^
   |
  Object of class `object` has no attribute `__getitem__`
ERROR Cannot index into `object` [bad-index]
  --> tests/security/test_slice072_dynamic_runtime_security.py:73:12
   |
73 |     assert verifier["fork"] == "denied"
   |            ^^^^^^^^^^^^^^^^
   |
  Object of class `object` has no attribute `__getitem__`
ERROR Cannot index into `object` [bad-index]
  --> tests/security/test_slice072_dynamic_runtime_security.py:74:12
   |
74 |     assert verifier["report_framing"] == (
   |            ^^^^^^^^^^^^^^^^^^^^^^^^^^
   |
  Object of class `object` has no attribute `__getitem__`
ERROR Cannot index into `object` [bad-index]
  --> tests/security/test_slice072_dynamic_runtime_security.py:77:12
   |
77 |     assert verifier["authority_attach_order"] == [
   |            ^^^^^^^^^^^^^^^^^^^^^^^^^^^^^^^^^^
   |
  Object of class `object` has no attribute `__getitem__`
ERROR Argument `object` is not assignable to parameter `iterable` with type `Iterable[@_]` in function `set.__init__` [bad-argument-type]
  --> tests/security/test_slice072_dynamic_runtime_security.py:86:16
   |
86 |     assert set(value["loader_tcb"]) == {
   |                ^^^^^^^^^^^^^^^^^^^
   |
  Protocol `Iterable` requires attribute `__iter__`
ERROR Cannot index into `object` [bad-index]
  --> tests/security/test_slice072_dynamic_runtime_security.py:92:12
   |
92 |     assert value["loader_tcb"]["sha256"].startswith("sha256:")
   |            ^^^^^^^^^^^^^^^^^^^^^^^^^^^^^
   |
  Object of class `object` has no attribute `__getitem__`
ERROR Cannot index into `object` [bad-index]
  --> tests/security/test_slice072_dynamic_runtime_security.py:93:12
   |
93 |     assert value["seccomp"]["base_profile"] == "strict-local-v2"
   |            ^^^^^^^^^^^^^^^^^^^^^^^^^^^^^^^^
   |
  Object of class `object` has no attribute `__getitem__`
ERROR Cannot index into `object` [bad-index]
  --> tests/security/test_slice072_dynamic_runtime_security.py:94:12
   |
94 |     assert value["seccomp"]["verifier_additions"] == ["writev"]
   |            ^^^^^^^^^^^^^^^^^^^^^^^^^^^^^^^^^^^^^^
   |
  Object of class `object` has no attribute `__getitem__`
ERROR Cannot index into `object` [bad-index]
  --> tests/security/test_slice072_dynamic_runtime_security.py:95:12
   |
95 |     assert value["seccomp"]["worker_additions"] == [
   |            ^^^^^^^^^^^^^^^^^^^^^^^^^^^^^^^^^^^^
   |
  Object of class `object` has no attribute `__getitem__`
ERROR Cannot index into `object` [bad-index]
   --> tests/security/test_slice072_dynamic_runtime_security.py:142:21
    |
142 |     additions = set(_profile()["seccomp"]["worker_additions"])
    |                     ^^^^^^^^^^^^^^^^^^^^^^^^^^^^^^^^^^^^^^^^^
    |
  Object of class `object` has no attribute `__getitem__`
ERROR Object of class `NoneType` has no attribute `role` [missing-attribute]
   --> tests/security/test_slice080_principal_trust_root.py:199:12
    |
199 |     assert catalog.resolve(worker).role == "worker"
    |            ^^^^^^^^^^^^^^^^^^^^^^^^^^^^
    |
ERROR Object of class `NoneType` has no attribute `principal_id` [missing-attribute]
   --> tests/security/test_slice080_principal_trust_root.py:216:12
    |
216 |     assert catalog.resolve(old).principal_id == "reviewer"
    |            ^^^^^^^^^^^^^^^^^^^^^^^^^^^^^^^^^
    |
ERROR Argument `str | None` is not assignable to parameter `*args` with type `PathLike[str] | str` in function `pathlib.Path.__new__` [bad-argument-type]
  --> tests/unit/test_claim_command_binding.py:54:23
   |
54 | EXECUTABLE = str(Path(shutil.which("sh")).resolve())
   |                       ^^^^^^^^^^^^^^^^^^
   |
  Protocol `PathLike` requires attribute `__fspath__`
  The declared type does not allow `None`. Consider narrowing the value with an `is not None` check.
ERROR Object of class `object` has no attribute `validate_confinement_result` [missing-attribute]
  --> tests/unit/test_confinement_result.py:41:12
   |
41 |     assert module.validate_confinement_result(canonical_json_bytes(value)) == (value, "0" * 64)
   |            ^^^^^^^^^^^^^^^^^^^^^^^^^^^^^^^^^^
   |
ERROR Object of class `object` has no attribute `ConfinementResultError` [missing-attribute]
  --> tests/unit/test_confinement_result.py:71:24
   |
71 |     with pytest.raises(module.ConfinementResultError) as refused:
   |                        ^^^^^^^^^^^^^^^^^^^^^^^^^^^^^
   |
ERROR Object of class `object` has no attribute `validate_confinement_result` [missing-attribute]
  --> tests/unit/test_confinement_result.py:72:9
   |
72 |         module.validate_confinement_result(raw)
   |         ^^^^^^^^^^^^^^^^^^^^^^^^^^^^^^^^^^
   |
ERROR `raw` may be uninitialized [unbound-name]
  --> tests/unit/test_confinement_result.py:72:44
   |
72 |         module.validate_confinement_result(raw)
   |                                            ^^^
   |
ERROR Object of class `object` has no attribute `ConfinementResultError` [missing-attribute]
  --> tests/unit/test_confinement_result.py:81:24
   |
81 |     with pytest.raises(module.ConfinementResultError) as refused:
   |                        ^^^^^^^^^^^^^^^^^^^^^^^^^^^^^
   |
ERROR Object of class `object` has no attribute `confinement_result_bytes` [missing-attribute]
  --> tests/unit/test_confinement_result.py:82:9
   |
82 |         module.confinement_result_bytes(value)
   |         ^^^^^^^^^^^^^^^^^^^^^^^^^^^^^^^
   |
ERROR `int` is not assignable to dict key `group` with type `bool` [bad-assignment]
   --> tests/unit/test_delegation.py:147:27
    |
147 |         called["group"] = group
    |                           ^^^^^
    |
ERROR `int` is not assignable to dict key `signum` with type `bool` [bad-assignment]
   --> tests/unit/test_delegation.py:148:28
    |
148 |         called["signum"] = signum
    |                            ^^^^^^
    |
ERROR No matching overload found for function `typing.MutableMapping.update` called with arguments: (dict[str, object]) [no-matching-overload]
  --> tests/unit/test_evidence_admission.py:85:18
   |
85 |     record.update(overrides)
   |                  ^^^^^^^^^^^
   |
  Possible overloads:
    (m: SupportsKeysAndGetItem[str, int | str | None], /) -> None [closest match]
    (m: SupportsKeysAndGetItem[str, int | str | None], /, ...) -> None
    (m: Iterable[tuple[str, int | str | None]], /) -> None
    (m: Iterable[tuple[str, int | str | None]], /, ...) -> None
    (**kwargs: int | str | None) -> None
  Argument `dict[str, object]` is not assignable to parameter `m` with type `SupportsKeysAndGetItem[str, int | str | None]` in function `typing.MutableMapping.update`
ERROR Returned type `dict[str, int | str | None]` is not assignable to declared return type `dict[str, object]` [bad-return]
  --> tests/unit/test_evidence_admission.py:86:12
   |
86 |     return record
   |            ^^^^^^
   |
  ::: tests/unit/test_evidence_admission.py:69:37
   |
69 | def content(**overrides: object) -> dict[str, object]:
   |                                     ----------------- declared return type
   |
ERROR Keyword argument `verdict` with type `Literal['FAIL']` is not assignable to parameter `**kwargs` with type `None` in function `typing.MutableMapping.update` [bad-argument-type]
   --> tests/unit/test_evidence_signing.py:257:17
    |
257 |         verdict="FAIL", gate_id="landing", subject_digest=SUBJECT,
    |                 ^^^^^^
    |
ERROR Keyword argument `gate_id` with type `Literal['landing']` is not assignable to parameter `**kwargs` with type `None` in function `typing.MutableMapping.update` [bad-argument-type]
   --> tests/unit/test_evidence_signing.py:257:33
    |
257 |         verdict="FAIL", gate_id="landing", subject_digest=SUBJECT,
    |                                 ^^^^^^^^^
    |
ERROR Keyword argument `subject_digest` with type `LiteralString` is not assignable to parameter `**kwargs` with type `None` in function `typing.MutableMapping.update` [bad-argument-type]
   --> tests/unit/test_evidence_signing.py:257:59
    |
257 |         verdict="FAIL", gate_id="landing", subject_digest=SUBJECT,
    |                                                           ^^^^^^^
    |
ERROR Keyword argument `subject_lane` with type `Literal['PRE_READINESS_PRODUCT_SLICE']` is not assignable to parameter `**kwargs` with type `None` in function `typing.MutableMapping.update` [bad-argument-type]
   --> tests/unit/test_evidence_signing.py:258:22
    |
258 |         subject_lane="PRE_READINESS_PRODUCT_SLICE", catalog_digest=None,
    |                      ^^^^^^^^^^^^^^^^^^^^^^^^^^^^^
    |
ERROR Keyword argument `approver_id` with type `Literal['owner']` is not assignable to parameter `**kwargs` with type `None` in function `typing.MutableMapping.update` [bad-argument-type]
   --> tests/unit/test_evidence_signing.py:259:21
    |
259 |         approver_id="owner", failing_rule="TESTS_EXECUTED", missing_claims=[],
    |                     ^^^^^^^
    |
ERROR Keyword argument `failing_rule` with type `Literal['TESTS_EXECUTED']` is not assignable to parameter `**kwargs` with type `None` in function `typing.MutableMapping.update` [bad-argument-type]
   --> tests/unit/test_evidence_signing.py:259:43
    |
259 |         approver_id="owner", failing_rule="TESTS_EXECUTED", missing_claims=[],
    |                                           ^^^^^^^^^^^^^^^^
    |
ERROR Keyword argument `missing_claims` with type `list[@_]` is not assignable to parameter `**kwargs` with type `None` in function `typing.MutableMapping.update` [bad-argument-type]
   --> tests/unit/test_evidence_signing.py:259:76
    |
259 |         approver_id="owner", failing_rule="TESTS_EXECUTED", missing_claims=[],
    |                                                                            ^^
    |
ERROR Keyword argument `considered` with type `list[@_]` is not assignable to parameter `**kwargs` with type `None` in function `typing.MutableMapping.update` [bad-argument-type]
   --> tests/unit/test_evidence_signing.py:260:20
    |
260 |         considered=[], causes=[], rejections=[], self_approval=False,
    |                    ^^
    |
ERROR Keyword argument `causes` with type `list[@_]` is not assignable to parameter `**kwargs` with type `None` in function `typing.MutableMapping.update` [bad-argument-type]
   --> tests/unit/test_evidence_signing.py:260:31
    |
260 |         considered=[], causes=[], rejections=[], self_approval=False,
    |                               ^^
    |
ERROR Keyword argument `rejections` with type `list[@_]` is not assignable to parameter `**kwargs` with type `None` in function `typing.MutableMapping.update` [bad-argument-type]
   --> tests/unit/test_evidence_signing.py:260:46
    |
260 |         considered=[], causes=[], rejections=[], self_approval=False,
    |                                              ^^
    |
ERROR Keyword argument `self_approval` with type `Literal[False]` is not assignable to parameter `**kwargs` with type `None` in function `typing.MutableMapping.update` [bad-argument-type]
   --> tests/unit/test_evidence_signing.py:260:64
    |
260 |         considered=[], causes=[], rejections=[], self_approval=False,
    |                                                                ^^^^^
    |
ERROR Keyword argument `reason` with type `Literal['no evidence']` is not assignable to parameter `**kwargs` with type `None` in function `typing.MutableMapping.update` [bad-argument-type]
   --> tests/unit/test_evidence_signing.py:261:16
    |
261 |         reason="no evidence",
    |                ^^^^^^^^^^^^^
    |
ERROR No matching overload found for function `re.Pattern.match` called with arguments: (object) [no-matching-overload]
   --> tests/unit/test_observability.py:327:31
    |
327 |     assert SID_COMPONENT.match(observability.SESSION_ID)
    |                               ^^^^^^^^^^^^^^^^^^^^^^^^^^
    |
  Possible overloads:
    (string: str, ...) -> Match[str] | None [closest match]
    (string: Buffer, ...) -> Match[bytes] | None
    (string: str, ...) -> Match[str] | None [closest match]
  Argument `object` is not assignable to parameter `string` with type `str` in function `re.Pattern.match`
ERROR Expression `outcome["error"]` has type `object`, expected `BaseException` [bad-raise]
   --> tests/unit/test_observability.py:768:15
    |
768 |         raise outcome["error"]
    |               ^^^^^^^^^^^^^^^^
    |
ERROR Object of class `object` has no attribute `startswith` [missing-attribute]
    --> tests/unit/test_observability.py:1136:12
     |
1136 |     assert session_id.startswith(parent + "/")
     |            ^^^^^^^^^^^^^^^^^^^^^
     |
ERROR Object of class `object` has no attribute `rsplit` [missing-attribute]
    --> tests/unit/test_observability.py:1137:32
     |
1137 |     assert SID_COMPONENT.match(session_id.rsplit("/", 1)[-1])
     |                                ^^^^^^^^^^^^^^^^^
     |
ERROR Missing argument `prior_events` in function `ranex.governed_execution.application.specification_approval.issue_approval` [missing-argument]
   --> tests/unit/test_specification_approval.py:112:23
    |
112 |         issue_approval(*approved_input())
    |                       ^^^^^^^^^^^^^^^^^^^
    |
ERROR Missing argument `prior_event_head` in function `ranex.governed_execution.application.specification_approval.issue_approval` [missing-argument]
   --> tests/unit/test_specification_approval.py:112:23
    |
112 |         issue_approval(*approved_input())
    |                       ^^^^^^^^^^^^^^^^^^^
    |
ERROR Argument `list[RoleAssignment]` is not assignable to parameter `assignments` with type `tuple[RoleAssignment, ...]` in function `ranex.governed_execution.domain.specification_approval.RoleAssignments.__init__` [bad-argument-type]
   --> tests/unit/test_specification_approval.py:117:32
    |
117 |     snapshot = RoleAssignments(assignments)
    |                                ^^^^^^^^^^^
    |
ERROR No matching overload found for function `typing.MutableMapping.update` called with arguments: (dict[str, object]) [no-matching-overload]
  --> tests/unit/test_specification_child_grants.py:26:18
   |
26 |     record.update(changes)
   |                  ^^^^^^^^^
   |
  Possible overloads:
    (m: SupportsKeysAndGetItem[str, list[str] | str | dict[str, bool] | dict[str, bool | list[str]] | dict[str, bool | int] | dict[str, list[str]]], /) -> None [closest match]
    (m: SupportsKeysAndGetItem[str, list[str] | str | dict[str, bool] | dict[str, bool | list[str]] | dict[str, bool | int] | dict[str, list[str]]], /, ...) -> None
    (m: Iterable[tuple[str, list[str] | str | dict[str, bool] | dict[str, bool | list[str]] | dict[str, bool | int] | dict[str, list[str]]]], /) -> None
    (m: Iterable[tuple[str, list[str] | str | dict[str, bool] | dict[str, bool | list[str]] | dict[str, bool | int] | dict[str, list[str]]]], /, ...) -> None
    (**kwargs: list[str] | str | dict[str, bool] | dict[str, bool | list[str]] | dict[str, bool | int] | dict[str, list[str]]) -> None
  Argument `dict[str, object]` is not assignable to parameter `m` with type `SupportsKeysAndGetItem[str, list[str] | str | dict[str, bool] | dict[str, bool | list[str]] | dict[str, bool | int] | dict[str, list[str]]]` in function `typing.MutableMapping.update`
ERROR Argument `object` is not assignable to parameter `journal_position` with type `int` in function `ranex.governed_execution.domain.specification_approval.issue_child_grant` [bad-argument-type]
  --> tests/unit/test_specification_child_grants.py:36:67
   |
36 |         grant_id, request, parent_grant, policy, journal_position=kwargs.pop("journal_position", 2),
   |                                                                   ^^^^^^^^^^^^^^^^^^^^^^^^^^^^^^^^^
   |
ERROR Argument `object` is not assignable to parameter `prior_events` with type `tuple[object, ...]` in function `ranex.governed_execution.domain.specification_approval.issue_child_grant` [bad-argument-type]
  --> tests/unit/test_specification_child_grants.py:37:62
   |
37 |         journal_head_link="sha256:" + "b" * 64, prior_events=kwargs.pop("prior_events", ()),
   |                                                              ^^^^^^^^^^^^^^^^^^^^^^^^^^^^^^
   |
ERROR Unpacked keyword argument `object` is not assignable to parameter `siblings` with type `tuple[CapabilityGrant, ...]` in function `ranex.governed_execution.domain.specification_approval.issue_child_grant` [bad-argument-type]
  --> tests/unit/test_specification_child_grants.py:38:45
   |
38 |         principal_id="owner", key_id="key", **kwargs,
   |                                             ^^^^^^^^
   |
ERROR Object of class `object` has no attribute `kind` [missing-attribute]
  --> tests/unit/test_specification_child_grants.py:53:12
   |
53 |     assert issued.kind == "GRANT_ISSUED"
   |            ^^^^^^^^^^^
   |
ERROR Unpacked keyword argument `object` is not assignable to parameter `actor_id` with type `str` in function `ranex.governed_execution.domain.specification.ClarificationInput.__init__` [bad-argument-type]
  --> tests/unit/test_specification_lifecycle.py:43:31
   |
43 |     return ClarificationInput(**values)
   |                               ^^^^^^^^
   |
ERROR Unpacked keyword argument `object` is not assignable to parameter `target` with type `LifecycleState` in function `ranex.governed_execution.domain.specification.ClarificationInput.__init__` [bad-argument-type]
  --> tests/unit/test_specification_lifecycle.py:43:31
   |
43 |     return ClarificationInput(**values)
   |                               ^^^^^^^^
   |
ERROR Unpacked keyword argument `object` is not assignable to parameter `base_digest` with type `str` in function `ranex.governed_execution.domain.specification.ClarificationInput.__init__` [bad-argument-type]
  --> tests/unit/test_specification_lifecycle.py:43:31
   |
43 |     return ClarificationInput(**values)
   |                               ^^^^^^^^
   |
ERROR Unpacked keyword argument `object` is not assignable to parameter `questions` with type `tuple[Question, ...]` in function `ranex.governed_execution.domain.specification.ClarificationInput.__init__` [bad-argument-type]
  --> tests/unit/test_specification_lifecycle.py:43:31
   |
43 |     return ClarificationInput(**values)
   |                               ^^^^^^^^
   |
ERROR Unpacked keyword argument `object` is not assignable to parameter `answers` with type `tuple[ClarificationAnswer, ...]` in function `ranex.governed_execution.domain.specification.ClarificationInput.__init__` [bad-argument-type]
  --> tests/unit/test_specification_lifecycle.py:43:31
   |
43 |     return ClarificationInput(**values)
   |                               ^^^^^^^^
   |
ERROR Unpacked keyword argument `object` is not assignable to parameter `observations` with type `tuple[tuple[str, str, str], ...]` in function `ranex.governed_execution.domain.specification.ClarificationInput.__init__` [bad-argument-type]
  --> tests/unit/test_specification_lifecycle.py:43:31
   |
43 |     return ClarificationInput(**values)
   |                               ^^^^^^^^
   |
ERROR Cannot set item in `object` [unsupported-operation]
   --> tests/unit/test_specification_lifecycle.py:118:5
    |
118 |     invalid_envelope["signature"] = "not-a-signature"
    |     ^^^^^^^^^^^^^^^^^^^^^^^^^^^^^
    |
  Object of class `object` has no attribute `__setitem__`
  Did you mean `__setattr__`?
ERROR Cannot index into `object` [bad-index]
   --> tests/unit/test_specification_lifecycle.py:127:5
    |
127 |     unbound_envelope["payload"]["b_digest"] = "sha256:" + "f" * 64
    |     ^^^^^^^^^^^^^^^^^^^^^^^^^^^
    |
  Object of class `object` has no attribute `__getitem__`
ERROR Cannot set item in `object` [unsupported-operation]
   --> tests/unit/test_specification_lifecycle.py:128:5
    |
128 |     unbound_envelope["signature"] = sign_approval_payload(
    |     ^^^^^^^^^^^^^^^^^^^^^^^^^^^^^
    |
  Object of class `object` has no attribute `__setitem__`
  Did you mean `__setattr__`?
ERROR Cannot index into `object` [bad-index]
   --> tests/unit/test_specification_lifecycle.py:129:9
    |
129 |         unbound_envelope["payload"],
    |         ^^^^^^^^^^^^^^^^^^^^^^^^^^^
    |
  Object of class `object` has no attribute `__getitem__`
ERROR No matching overload found for function `dict.__init__` called with arguments: (object) [no-matching-overload]
   --> tests/unit/test_suite_results.py:424:18
    |
424 |     counts = dict(result_value["counts"])
    |                  ^^^^^^^^^^^^^^^^^^^^^^^^
    |
  Possible overloads:
    () -> None
    (**kwargs: _VT) -> None
    (map: SupportsKeysAndGetItem[_KT, _VT], /) -> None [closest match]
    (map: SupportsKeysAndGetItem[str, _VT], /, ...) -> None
    (iterable: Iterable[tuple[_KT, _VT]], /) -> None
    (iterable: Iterable[tuple[str, _VT]], /, **kwargs: _VT) -> None
    (iterable: Iterable[list[str]], /) -> None
    (iterable: Iterable[list[bytes]], /) -> None
  Argument `object` is not assignable to parameter `map` with type `SupportsKeysAndGetItem[@_, @_]` in function `dict.__init__`
ERROR Cannot set item in `object` [unsupported-operation]
   --> tests/unit/test_suite_results.py:472:9
    |
472 |         result_value["counts"]["passed"] = True
    |         ^^^^^^^^^^^^^^^^^^^^^^^^^^^^^^^^
    |
  Object of class `object` has no attribute `__setitem__`
  Did you mean `__setattr__`?
ERROR Cannot index into `object` [bad-index]
   --> tests/unit/test_suite_results.py:478:9
    |
478 |         result_value["non_passed"][0][1] = "bogus"
    |         ^^^^^^^^^^^^^^^^^^^^^^^^^^^^^
    |
  Object of class `object` has no attribute `__getitem__`
ERROR No matching overload found for function `reversed.__new__` called with arguments: (type[reversed[_T]], object) [no-matching-overload]
   --> tests/unit/test_suite_results.py:480:51
    |
480 |         result_value["non_passed"] = list(reversed(result_value["non_passed"]))
    |                                                   ^^^^^^^^^^^^^^^^^^^^^^^^^^^^
    |
  Possible overloads:
    (cls: type[reversed[_T]], sequence: Reversible[_T], /) -> Iterator[_T] [closest match]
    (cls: type[reversed[_T]], sequence: SupportsLenAndGetItem[_T], /) -> Iterator[_T]
  Argument `object` is not assignable to parameter `sequence` with type `Reversible[@_]` in function `reversed.__new__`
ERROR No matching overload found for function `reversed.__new__` called with arguments: (type[reversed[_T]], object) [no-matching-overload]
   --> tests/unit/test_suite_results.py:485:34
    |
485 |             missing=list(reversed(pinned["suite"])),
    |                                  ^^^^^^^^^^^^^^^^^
    |
  Possible overloads:
    (cls: type[reversed[_T]], sequence: Reversible[_T], /) -> Iterator[_T] [closest match]
    (cls: type[reversed[_T]], sequence: SupportsLenAndGetItem[_T], /) -> Iterator[_T]
  Argument `object` is not assignable to parameter `sequence` with type `Reversible[@_]` in function `reversed.__new__`
ERROR Argument `object` is not assignable to parameter `iterable` with type `Iterable[@_]` in function `tuple.__new__` [bad-argument-type]
   --> tests/unit/test_suite_results.py:542:28
    |
542 |         expected_ids=tuple(pinned["suite"]),
    |                            ^^^^^^^^^^^^^^^
    |
  Protocol `Iterable` requires attribute `__iter__`
ERROR Argument `object` is not assignable to parameter `iterable` with type `Iterable[@_]` in function `tuple.__new__` [bad-argument-type]
   --> tests/unit/test_suite_results.py:548:40
    |
548 |     assert built.expected_ids == tuple(pinned["suite"])
    |                                        ^^^^^^^^^^^^^^^
    |
  Protocol `Iterable` requires attribute `__iter__`
ERROR Argument `object` is not assignable to parameter `iterable` with type `Iterable[@_]` in function `tuple.__new__` [bad-argument-type]
   --> tests/unit/test_suite_results.py:961:28
    |
961 |         expected_ids=tuple(pinned["suite"]),
    |                            ^^^^^^^^^^^^^^^
    |
  Protocol `Iterable` requires attribute `__iter__`
ERROR Argument `object` is not assignable to parameter `iterable` with type `Iterable[@_]` in function `tuple.__new__` [bad-argument-type]
    --> tests/unit/test_suite_results.py:1003:28
     |
1003 |         expected_ids=tuple(pinned["suite"]),
     |                            ^^^^^^^^^^^^^^^
     |
  Protocol `Iterable` requires attribute `__iter__`
ERROR Argument `object` is not assignable to parameter `iterable` with type `Iterable[@_]` in function `tuple.__new__` [bad-argument-type]
    --> tests/unit/test_suite_results.py:1032:32
     |
1032 |             expected_ids=tuple(pinned["suite"]),
     |                                ^^^^^^^^^^^^^^^
     |
  Protocol `Iterable` requires attribute `__iter__`
ERROR Argument `object` is not assignable to parameter `iterable` with type `Iterable[@_]` in function `tuple.__new__` [bad-argument-type]
    --> tests/unit/test_suite_results.py:1069:32
     |
1069 |             expected_ids=tuple(pinned["suite"]),
     |                                ^^^^^^^^^^^^^^^
     |
  Protocol `Iterable` requires attribute `__iter__`
ERROR Argument `object` is not assignable to parameter `iterable` with type `Iterable[@_]` in function `tuple.__new__` [bad-argument-type]
    --> tests/unit/test_suite_results.py:1094:36
     |
1094 |                 expected_ids=tuple(pinned["suite"]),
     |                                    ^^^^^^^^^^^^^^^
     |
  Protocol `Iterable` requires attribute `__iter__`
ERROR Argument `object` is not assignable to parameter `iterable` with type `Iterable[@_]` in function `tuple.__new__` [bad-argument-type]
    --> tests/unit/test_suite_results.py:1134:36
     |
1134 |                 expected_ids=tuple(pinned["suite"]),
     |                                    ^^^^^^^^^^^^^^^
     |
  Protocol `Iterable` requires attribute `__iter__`
ERROR Cannot index into `object` [bad-index]
  --> tests/unit/test_suite_results_refusals.py:94:12
   |
94 |     assert parsed["counts"]["xpassed"] == 1
   |            ^^^^^^^^^^^^^^^^^^^^^^^^^^^
   |
  Object of class `object` has no attribute `__getitem__`
ERROR No matching overload found for function `typing.MutableMapping.update` called with arguments: (object) [no-matching-overload]
  --> tests/unit/test_verdict_reader.py:33:21
   |
33 |     projected.update(overrides.pop("record", {}))
   |                     ^^^^^^^^^^^^^^^^^^^^^^^^^^^^^
   |
  Possible overloads:
    (m: SupportsKeysAndGetItem[str, object], /) -> None [closest match]
    (m: SupportsKeysAndGetItem[str, object], /, ...) -> None
    (m: Iterable[tuple[str, object]], /) -> None
    (m: Iterable[tuple[str, object]], /, ...) -> None
    (**kwargs: object) -> None
  Argument `object` is not assignable to parameter `m` with type `SupportsKeysAndGetItem[str, object]` in function `typing.MutableMapping.update`
ERROR Argument `object` is not assignable to parameter `subject_digest` with type `str` in function `ranex.governed_execution.verdict_reader.read_verdict` [bad-argument-type]
  --> tests/unit/test_verdict_reader.py:51:24
   |
51 |         subject_digest=context.get("subject_digest", SUBJECT),
   |                        ^^^^^^^^^^^^^^^^^^^^^^^^^^^^^^^^^^^^^^
   |
ERROR Argument `object` is not assignable to parameter `gate_id` with type `str` in function `ranex.governed_execution.verdict_reader.read_verdict` [bad-argument-type]
  --> tests/unit/test_verdict_reader.py:52:17
   |
52 |         gate_id=context.get("gate_id", "landing"),
   |                 ^^^^^^^^^^^^^^^^^^^^^^^^^^^^^^^^^
   |
ERROR Argument `object` is not assignable to parameter `catalog_digest` with type `str | None` in function `ranex.governed_execution.verdict_reader.read_verdict` [bad-argument-type]
  --> tests/unit/test_verdict_reader.py:53:24
   |
53 |         catalog_digest=context.get("catalog_digest", CATALOG),
   |                        ^^^^^^^^^^^^^^^^^^^^^^^^^^^^^^^^^^^^^^
   |
ERROR Argument `object` is not assignable to parameter `approver_id` with type `str` in function `ranex.governed_execution.verdict_reader.read_verdict` [bad-argument-type]
  --> tests/unit/test_verdict_reader.py:54:21
   |
54 |         approver_id=context.get("approver_id", "owner"),
   |                     ^^^^^^^^^^^^^^^^^^^^^^^^^^^^^^^^^^^
   |
ERROR Cannot index into `object` [bad-index]
  --> tests/unit/test_verdict_reader.py:95:9
   |
95 |         value["signatures"][0]["signature"] = envelope(other_private)["signatures"][0]["signature"]
   |         ^^^^^^^^^^^^^^^^^^^^^^
   |
  Object of class `object` has no attribute `__getitem__`
ERROR Cannot index into `object` [bad-index]
  --> tests/unit/test_verdict_reader.py:95:47
   |
95 |         value["signatures"][0]["signature"] = envelope(other_private)["signatures"][0]["signature"]
   |                                               ^^^^^^^^^^^^^^^^^^^^^^^^^^^^^^^^^^^^^^^^
   |
  Object of class `object` has no attribute `__getitem__`
ERROR Cannot index into `object` [bad-index]
  --> tests/unit/test_verdict_reader.py:97:9
   |
97 |         value["signatures"][0]["signer_id"] = "other"
   |         ^^^^^^^^^^^^^^^^^^^^^^
   |
  Object of class `object` has no attribute `__getitem__`
ERROR Cannot set item in `object` [unsupported-operation]
   --> tests/unit/test_verdict_reader.py:122:5
    |
122 |     value["record"]["reason"] = bad
    |     ^^^^^^^^^^^^^^^^^^^^^^^^^
    |
  Object of class `object` has no attribute `__setitem__`
  Did you mean `__setattr__`?
ERROR Keyword argument `verdict` with type `Literal['FAIL']` is not assignable to parameter `**kwargs` with type `None` in function `typing.MutableMapping.update` [bad-argument-type]
  --> tests/unit/test_verdict_signing.py:11:17
   |
11 |         verdict="FAIL", gate_id="landing", subject_digest="sha256:" + "a" * 64,
   |                 ^^^^^^
   |
ERROR Keyword argument `gate_id` with type `Literal['landing']` is not assignable to parameter `**kwargs` with type `None` in function `typing.MutableMapping.update` [bad-argument-type]
  --> tests/unit/test_verdict_signing.py:11:33
   |
11 |         verdict="FAIL", gate_id="landing", subject_digest="sha256:" + "a" * 64,
   |                                 ^^^^^^^^^
   |
ERROR Keyword argument `subject_digest` with type `LiteralString` is not assignable to parameter `**kwargs` with type `None` in function `typing.MutableMapping.update` [bad-argument-type]
  --> tests/unit/test_verdict_signing.py:11:59
   |
11 |         verdict="FAIL", gate_id="landing", subject_digest="sha256:" + "a" * 64,
   |                                                           ^^^^^^^^^^^^^^^^^^^^
   |
ERROR Keyword argument `subject_lane` with type `Literal['PRE_READINESS_PRODUCT_SLICE']` is not assignable to parameter `**kwargs` with type `None` in function `typing.MutableMapping.update` [bad-argument-type]
  --> tests/unit/test_verdict_signing.py:12:22
   |
12 |         subject_lane="PRE_READINESS_PRODUCT_SLICE", catalog_digest=None,
   |                      ^^^^^^^^^^^^^^^^^^^^^^^^^^^^^
   |
ERROR Keyword argument `approver_id` with type `Literal['owner']` is not assignable to parameter `**kwargs` with type `None` in function `typing.MutableMapping.update` [bad-argument-type]
  --> tests/unit/test_verdict_signing.py:13:21
   |
13 |         approver_id="owner", failing_rule="TESTS_EXECUTED",
   |                     ^^^^^^^
   |
ERROR Keyword argument `failing_rule` with type `Literal['TESTS_EXECUTED']` is not assignable to parameter `**kwargs` with type `None` in function `typing.MutableMapping.update` [bad-argument-type]
  --> tests/unit/test_verdict_signing.py:13:43
   |
13 |         approver_id="owner", failing_rule="TESTS_EXECUTED",
   |                                           ^^^^^^^^^^^^^^^^
   |
ERROR Keyword argument `missing_claims` with type `list[str]` is not assignable to parameter `**kwargs` with type `None` in function `typing.MutableMapping.update` [bad-argument-type]
  --> tests/unit/test_verdict_signing.py:14:24
   |
14 |         missing_claims=["tests-executed"], considered=[],
   |                        ^^^^^^^^^^^^^^^^^^
   |
ERROR Keyword argument `considered` with type `list[@_]` is not assignable to parameter `**kwargs` with type `None` in function `typing.MutableMapping.update` [bad-argument-type]
  --> tests/unit/test_verdict_signing.py:14:55
   |
14 |         missing_claims=["tests-executed"], considered=[],
   |                                                       ^^
   |
ERROR Keyword argument `causes` with type `list[dict[str, str]]` is not assignable to parameter `**kwargs` with type `None` in function `typing.MutableMapping.update` [bad-argument-type]
  --> tests/unit/test_verdict_signing.py:15:16
   |
15 |         causes=[{"claim_id": "tests-executed", "cause": "absent"}],
   |                ^^^^^^^^^^^^^^^^^^^^^^^^^^^^^^^^^^^^^^^^^^^^^^^^^^^
   |
ERROR Keyword argument `rejections` with type `list[@_]` is not assignable to parameter `**kwargs` with type `None` in function `typing.MutableMapping.update` [bad-argument-type]
  --> tests/unit/test_verdict_signing.py:16:20
   |
16 |         rejections=[], self_approval=False,
   |                    ^^
   |
ERROR Keyword argument `self_approval` with type `Literal[False]` is not assignable to parameter `**kwargs` with type `None` in function `typing.MutableMapping.update` [bad-argument-type]
  --> tests/unit/test_verdict_signing.py:16:38
   |
16 |         rejections=[], self_approval=False,
   |                                      ^^^^^
   |
ERROR Keyword argument `reason` with type `Literal['no evidence for required claim: tests-executed']` is not assignable to parameter `**kwargs` with type `None` in function `typing.MutableMapping.update` [bad-argument-type]
  --> tests/unit/test_verdict_signing.py:17:16
   |
17 |         reason="no evidence for required claim: tests-executed",
   |                ^^^^^^^^^^^^^^^^^^^^^^^^^^^^^^^^^^^^^^^^^^^^^^^^
   |
ERROR Returned type `dict[Unknown, None]` is not assignable to declared return type `dict[str, object]` [bad-return]
  --> tests/unit/test_verdict_signing.py:19:12
   |
19 |     return values
   |            ^^^^^^
   |
  ::: tests/unit/test_verdict_signing.py:8:21
   |
 8 | def body(module) -> dict[str, object]:
   |                     ----------------- declared return type
   |
ERROR Argument `str | None` is not assignable to parameter `value` with type `str` in function `_require_digest` [bad-argument-type]
  --> src/ranex/governed_execution/domain/verdict.py:71:25
   |
71 |         _require_digest(self.manifest_digest, "manifest_digest")
   |                         ^^^^^^^^^^^^^^^^^^^^
   |
  The declared type does not allow `None`. Consider narrowing the value with an `is not None` check.
ERROR Argument `object` is not assignable to parameter `*s` with type `Iterable[object]` in function `set.intersection` [bad-argument-type]
   --> src/ranex/governed_execution/domain/verdict.py:154:38
    |
154 |         if expected_ids.intersection(self.suite_results["missing"]):
    |                                      ^^^^^^^^^^^^^^^^^^^^^^^^^^^^^
    |
  Protocol `Iterable` requires attribute `__iter__`
ERROR Type `object` is not iterable [not-iterable]
   --> src/ranex/governed_execution/domain/verdict.py:156:30
    |
156 |         for test_id, kind in self.suite_results["non_passed"]:
    |                              ^^^^^^^^^^^^^^^^^^^^^^^^^^^^^^^^
    |
ERROR Argument `object` is not assignable to parameter `*s` with type `Iterable[object]` in function `set.intersection` [bad-argument-type]
   --> src/ranex/governed_execution/domain/verdict.py:175:52
    |
175 |         missing = sorted(expected_ids.intersection(self.suite_results["missing"]))
    |                                                    ^^^^^^^^^^^^^^^^^^^^^^^^^^^^^
    |
  Protocol `Iterable` requires attribute `__iter__`
ERROR Type `object` is not iterable [not-iterable]
   --> src/ranex/governed_execution/domain/verdict.py:181:34
    |
181 |             for test_id, kind in self.suite_results["non_passed"]
    |                                  ^^^^^^^^^^^^^^^^^^^^^^^^^^^^^^^^
    |
 INFO 494 errors (45 suppressed, 41 warnings not shown)
